Customer_ID,Contract,Tenure_in_Months,Monthly_Charge,Total_Revenue,Churn_Risk_Score
17488-PUN,Month-to-Month,5,75.65,396.35,0.8716769453672794
83187-UTT,Month-to-Month,7,70.5,418.08,0.864758735211205
22792-AND,Month-to-Month,34,94.1,752.89,0.8473898558094608
45324-TAM,Month-to-Month,14,84.6,1048.19,0.8304732596645731
64905-UTT,Month-to-Month,27,105.3,1479.17,0.8272860748036613
28574-UTT,Month-to-Month,7,80.85,595.65,0.8238200140314814
15154-MAD,Month-to-Month,11,94.75,936.67,0.8196146099439939
36369-MAH,Month-to-Month,13,75.85,790.53,0.8182243408283173
28033-ASS,Month-to-Month,20,84.05,1180.75,0.8130104323433521
99306-MAH,Month-to-Month,10,78.1,1184.7,0.8079905661072053
54718-MAH,Month-to-Month,32,79.75,830.12,0.805593471741173
49927-PUN,Month-to-Month,12,90.75,652.35,0.8034547057841548
56232-UTT,Month-to-Month,35,95.4,2810.5,0.801062261813905
93633-RAJ,Month-to-Month,26,86.2,987.44,0.7979653340454714
58571-GUJ,Month-to-Month,22,71.05,682.15,0.7908670328397491
86783-TEL,Month-to-Month,24,74.85,665.09,0.7877901179594933
16940-TAM,Month-to-Month,3,74.65,547.7,0.7873556858802447
36509-KAR,Month-to-Month,16,84.0,667.2,0.780326915667169
75858-HAR,Month-to-Month,31,75.35,740.84,0.780245074605082
41646-HAR,Month-to-Month,4,94.05,951.42,0.7789873886353501
81946-TAM,Month-to-Month,3,83.2,1286.45,0.7763699638403261
13717-UTT,Month-to-Month,26,68.95,444.75,0.7750117348300359
23983-MAH,Month-to-Month,34,85.5,895.2,0.7744998923648209
97843-TAM,Month-to-Month,11,75.6,509.0,0.7692394226408237
91093-BIH,Month-to-Month,32,96.55,695.75,0.7690780723484743
18813-BIH,Month-to-Month,2,95.6,1799.98,0.7684560398309337
47334-TEL,Month-to-Month,31,81.45,1044.48,0.7676989809242808
59786-WES,Month-to-Month,10,86.05,485.54,0.7659588948288091
33911-TEL,Month-to-Month,1,88.85,1257.05,0.7644582397895537
45376-TAM,Month-to-Month,9,73.5,770.6,0.7640820230670539
38217-AND,Month-to-Month,24,86.55,1401.9,0.7599612664103499
66654-AND,Month-to-Month,11,89.75,819.17,0.7577338423359617
16554-RAJ,Month-to-Month,15,75.2,717.28,0.7560452332096472
45174-DEL,Month-to-Month,11,44.05,257.1,0.750921266258816
21667-HAR,Month-to-Month,22,70.65,318.57,0.7498527415516335
49995-TEL,Month-to-Month,23,85.95,1595.38,0.7457527389450672
11510-KER,Month-to-Month,4,95.9,1104.65,0.7450549258897909
33228-AND,Month-to-Month,16,94.65,1629.15,0.7444687861854541
44561-MAD,Month-to-Month,25,94.55,1340.11,0.7442276354148547
76417-MAD,Month-to-Month,22,75.6,635.15,0.7439770077609736
74352-TAM,Month-to-Month,24,75.15,745.42,0.7434906817306028
55246-CHH,Month-to-Month,18,74.9,732.68,0.7433449686185225
26267-AND,Month-to-Month,11,69.85,707.67,0.7429147749541744
25869-BIH,Month-to-Month,7,95.6,3544.84,0.7412625845630688
12281-RAJ,Month-to-Month,25,78.1,1059.11,0.740616746812515
53924-KAR,Month-to-Month,6,19.85,90.52,0.7380509445988013
55869-ASS,Month-to-Month,36,76.25,997.6,0.7359683319462093
82324-KAR,Month-to-Month,25,69.1,546.9,0.7349182881613738
81498-TEL,Month-to-Month,1,105.35,1622.1,0.7334312796397581
84470-AND,Month-to-Month,27,105.3,773.85,0.7329080776179787
26458-TEL,Month-to-Month,4,93.5,2758.31,0.7307638743832662
74779-UTT,Month-to-Month,34,79.7,787.52,0.7293831587365521
85413-MAH,Month-to-Month,3,75.65,548.2,0.7289235458722335
32019-PUD,Month-to-Month,18,89.2,1110.75,0.728690428523382
77101-RAJ,Month-to-Month,33,85.95,758.44,0.7263661068771697
29218-WES,Month-to-Month,24,78.95,672.07,0.7260839311496463
88050-GUJ,Month-to-Month,15,76.6,1206.56,0.7256508723397372
77371-BIH,Month-to-Month,6,70.2,771.16,0.723794219080186
63117-BIH,Month-to-Month,27,69.8,608.85,0.7234735218275516
79425-GUJ,Month-to-Month,28,94.2,1104.62,0.7233094180323343
61904-KER,Month-to-Month,36,75.25,727.26,0.7218776688793563
26178-GUJ,Month-to-Month,23,80.2,628.55,0.7217636224788782
42918-PUN,Month-to-Month,13,75.55,2495.78,0.7208490455956746
95096-UTT,Month-to-Month,32,86.85,1713.36,0.7194096283659845
18081-TAM,Month-to-Month,7,79.95,1524.12,0.7177551045114265
96903-BIH,Month-to-Month,27,99.65,3021.17,0.7168251142050795
48059-AND,Month-to-Month,15,90.4,484.33,0.715970883578018
24168-UTT,Month-to-Month,20,74.85,825.65,0.7156715141417729
14750-KAR,Month-to-Month,31,87.1,1025.68,0.7153717104685385
47946-MAH,Month-to-Month,25,75.75,1175.8,0.714584948918597
88664-KAR,Month-to-Month,34,80.7,556.15,0.7144282460602468
16784-HAR,Month-to-Month,16,89.15,1544.31,0.7139637673375632
94678-MAH,Month-to-Month,33,100.5,3267.11,0.7136732319464125
12728-AND,Month-to-Month,13,80.3,479.16,0.7130273924572129
81640-MAH,Month-to-Month,23,89.55,1422.07,0.7130139434896703
85763-TEL,Month-to-Month,13,95.1,2407.9,0.7126478353125736
15513-PUN,Month-to-Month,28,88.05,1002.99,0.7125723924058024
72817-AND,Month-to-Month,21,79.0,1039.96,0.7125180428866063
73108-JAM,Month-to-Month,13,86.25,1696.9,0.7107164238421882
63565-JAM,Month-to-Month,10,75.85,720.4,0.7107072110914233
76490-BIH,Month-to-Month,32,103.95,4396.24,0.7095314118440599
88971-HAR,Month-to-Month,15,101.5,1239.31,0.7082488215506922
88776-MAH,Month-to-Month,13,100.4,988.14,0.707173876234003
63182-TEL,Month-to-Month,34,89.1,2482.83,0.7064889009111047
54293-HAR,Month-to-Month,4,82.75,566.45,0.706469376474303
34622-WES,Month-to-Month,24,74.95,2305.36,0.7059088414460413
94807-TAM,Month-to-Month,18,80.9,1715.88,0.7054743442956218
14658-RAJ,Month-to-Month,24,83.55,1713.52,0.704876143853163
93936-UTT,Month-to-Month,24,80.0,943.96,0.7042736525034986
15579-WES,Month-to-Month,27,73.8,770.95,0.7034752601080174
18063-TEL,Month-to-Month,18,92.9,1726.65,0.7023279301771109
87378-KER,Month-to-Month,36,99.3,962.04,0.702170507356856
16549-TEL,Month-to-Month,25,84.1,2767.5,0.702024261915829
18064-MAH,Month-to-Month,10,96.2,961.21,0.7010150054431471
59258-TEL,Month-to-Month,24,74.15,1550.23,0.7007209900717011
58816-TAM,Month-to-Month,20,90.1,1176.8,0.7005841680309133
51798-PUN,Month-to-Month,18,89.75,2431.26,0.6995274730344155
76587-WES,Month-to-Month,18,100.05,4456.57,0.6974436949954986
19520-GUJ,Month-to-Month,19,75.5,2012.55,0.6952924638073072
48033-MAH,Month-to-Month,20,104.45,3284.68,0.6943447869262448
63813-ODI,Month-to-Month,19,78.0,1370.12,0.6938862143800917
34591-RAJ,Month-to-Month,15,104.15,3465.61,0.6933499231030463
71922-HAR,Month-to-Month,3,74.6,559.14,0.6933255699304871
57622-TAM,Month-to-Month,34,69.55,584.0,0.6930637276432842
88802-RAJ,Month-to-Month,6,75.6,1668.29,0.6929136477506715
49504-UTT,Month-to-Month,36,100.6,4725.55,0.6922908490653807
28976-PUN,Month-to-Month,18,98.85,3858.88,0.6915362046949012
41515-TEL,Month-to-Month,16,90.6,1443.48,0.6914476259236053
77462-KAR,Month-to-Month,33,94.75,2306.96,0.6913090347209927
26601-UTT,Month-to-Month,25,82.65,1822.98,0.6898122247859881
12520-HAR,Month-to-Month,27,90.05,2029.19,0.6897539782188666
49908-KER,Month-to-Month,2,84.3,1578.58,0.6894993984767339
89942-UTT,Month-to-Month,26,75.4,1602.68,0.6884741431275753
37396-DEL,Month-to-Month,32,94.05,766.49,0.6881029170260868
99897-TAM,Month-to-Month,30,80.6,3192.47,0.6874304794843638
32845-KAR,Month-to-Month,21,90.25,822.79,0.6871188292959562
29700-MAD,Month-to-Month,7,92.6,1736.44,0.6853027168523027
76330-HAR,Month-to-Month,33,78.75,1850.57,0.6842243629966863
24441-UTT,Month-to-Month,34,98.7,2581.45,0.6837668819643896
39193-TAM,Month-to-Month,21,83.85,3035.71,0.6834391004039504
23361-UTT,Month-to-Month,28,80.55,944.75,0.6827452592323001
76472-TAM,Month-to-Month,22,74.7,1694.22,0.6819927229956696
65153-HAR,Month-to-Month,4,76.85,1045.24,0.6810412081944509
97820-ODI,Month-to-Month,7,100.65,3036.18,0.6804463901038029
22573-TAM,Month-to-Month,35,90.8,2221.56,0.6796608259649872
66088-GUJ,Month-to-Month,4,69.15,636.49,0.679547884543934
39167-TAM,Month-to-Month,15,20.5,92.12,0.6782220591057985
43627-AND,Month-to-Month,34,84.75,2558.81,0.6775057898998139
83118-MAH,Month-to-Month,3,102.55,1914.37,0.675699105415509
45799-GUJ,Month-to-Month,24,88.75,2135.73,0.6733803503232816
34444-PUN,Month-to-Month,31,100.0,3867.41,0.6731985285737129
83690-AND,Month-to-Month,6,84.9,4082.25,0.6712354489077142
27064-TAM,Month-to-Month,35,89.25,702.33,0.6699163437124266
52140-TAM,Month-to-Month,27,0.0,682.64,0.6694619319054793
33023-GUJ,Month-to-Month,17,76.45,1375.99,0.6693836718890396
76566-UTT,Month-to-Month,20,75.75,2611.02,0.6686768396332032
92753-JHA,Month-to-Month,16,85.65,1046.17,0.6673231651406946
38815-JAM,Month-to-Month,16,95.55,4891.98,0.6671184985252789
15175-GUJ,Month-to-Month,27,96.8,1945.97,0.6664786723873025
83137-WES,Month-to-Month,8,73.85,567.44,0.6657381796402272
63298-MAH,Month-to-Month,32,44.8,273.25,0.6643789635512076
11474-TEL,Month-to-Month,18,75.6,851.54,0.664311225678382
65509-DEL,Month-to-Month,25,103.45,1958.8,0.6624983352437661
53964-PUN,Month-to-Month,18,95.0,3655.89,0.6623726169957309
52389-TAM,Month-to-Month,32,84.85,2443.92,0.6619707848997235
52785-HAR,Month-to-Month,30,99.05,4662.0,0.661856560664037
58919-GUJ,Month-to-Month,28,99.7,1718.55,0.6606979392701888
97033-BIH,Month-to-Month,9,101.5,4358.25,0.6606890213005316
29786-WES,Month-to-Month,1,99.3,4435.7,0.658007527320411
44630-RAJ,Month-to-Month,3,78.55,761.08,0.6571153565297042
94311-JAM,Month-to-Month,21,90.65,494.23,0.6567732723315606
66926-KAR,Month-to-Month,33,100.15,1896.05,0.6562288504212684
18801-UTT,Month-to-Month,17,79.8,1152.71,0.6559265784232392
67448-BIH,Month-to-Month,28,75.25,1260.34,0.6546418662500809
37350-HAR,Month-to-Month,18,80.15,345.85,0.6537814399298113
62096-KAR,Month-to-Month,36,96.5,1734.7,0.6533503647482011
67310-TAM,Month-to-Month,5,78.75,600.9,0.6529370200074216
76281-TAM,Month-to-Month,31,101.35,4663.86,0.6517566287532497
58156-KAR,Month-to-Month,23,93.0,3413.89,0.6511762954644329
74260-HAR,Month-to-Month,1,100.45,4614.51,0.6509512113388578
43303-DEL,Month-to-Month,9,87.3,2203.5,0.6508360754499162
12236-BIH,Month-to-Month,11,85.3,659.15,0.6497976535731941
75305-KAR,Month-to-Month,28,84.8,1225.02,0.6493570070665763
48955-TEL,Month-to-Month,12,72.9,1020.08,0.649168905826246
91617-AND,Month-to-Month,24,44.4,263.05,0.6486311800490283
48291-UTT,Month-to-Month,36,25.15,99.95,0.6474031981521831
56436-UTT,Month-to-Month,16,87.0,2921.61,0.645484042217142
19567-MAD,Month-to-Month,30,69.55,433.82,0.6449782960480219
16774-MAH,Month-to-Month,8,80.45,3578.27,0.6437538417128982
57012-MAH,Month-to-Month,33,85.3,1629.35,0.6431776022157942
66486-TAM,Month-to-Month,30,85.75,3195.6,0.6419518747619323
86818-MAH,Month-to-Month,22,83.75,2652.88,0.6399654786301571
96107-KAR,Month-to-Month,32,95.25,3373.35,0.6389194565507023
64957-KAR,Month-to-Month,4,84.9,2744.37,0.637310514942316
33575-UTT,Month-to-Month,25,85.2,3882.89,0.6364482471362595
34738-KAR,Month-to-Month,31,70.45,1324.51,0.6360320257337558
94887-AND,Month-to-Month,14,25.2,321.05,0.6355210967990459
63457-UTT,Month-to-Month,16,80.7,2729.64,0.6354047328300209
61634-MAD,Month-to-Month,19,94.0,1734.65,0.6353235913625338
19376-TAM,Month-to-Month,13,91.95,3690.81,0.633785940646943
47441-TEL,Month-to-Month,4,86.55,2325.55,0.6327173727031604
24189-BIH,Month-to-Month,36,84.05,3102.05,0.6324480771866962
67551-PUN,Month-to-Month,5,69.05,920.33,0.6320579530407802
99036-KAR,Month-to-Month,11,91.0,1883.35,0.6320177822474593
68369-UTT,Month-to-Month,12,101.25,4735.0,0.6309529445235857
12584-AND,Month-to-Month,13,70.2,1368.5,0.6308700625351837
35014-HAR,Month-to-Month,28,103.5,7622.22,0.6293885572353989
32117-TAM,Month-to-Month,26,84.15,2304.35,0.6288958862921821
31235-MAH,Month-to-Month,1,78.9,430.46,0.6285624659635656
24618-GUJ,Month-to-Month,19,74.75,1298.0,0.6280551149856248
12516-TAM,Month-to-Month,30,101.4,3744.43,0.6265824562090564
13035-KAR,Month-to-Month,33,0.0,1679.81,0.6258763701390647
54432-KAR,Month-to-Month,32,55.9,309.3,0.6258566768058915
82252-TAM,Month-to-Month,5,94.7,4279.3,0.6257105863834758
28973-KAR,Month-to-Month,16,81.2,3433.1,0.6251251305957053
87123-UTT,Month-to-Month,31,76.4,1240.42,0.6242233856077029
68353-PUN,Month-to-Month,19,80.5,2130.97,0.6241616208817141
82678-WES,Month-to-Month,18,91.1,1393.65,0.6235317280703602
11464-WES,Month-to-Month,5,99.85,2514.61,0.6206345408061076
76577-TEL,Month-to-Month,8,91.55,1787.09,0.6201297720971681
99387-DEL,Month-to-Month,19,79.3,2720.5,0.62009400650955
47561-MAH,Month-to-Month,5,77.9,2437.25,0.6191968814804104
37569-KER,Month-to-Month,32,89.15,491.95,0.6186133277997753
36925-TAM,Month-to-Month,21,105.8,3679.8,0.6181340020066874
53821-AND,Month-to-Month,14,76.05,3429.98,0.6181054190358612
12341-HAR,Month-to-Month,29,83.05,2051.42,0.6178236465649855
17723-MAH,Month-to-Month,9,81.85,3189.96,0.6171826097693056
61183-KAR,Month-to-Month,33,78.7,2029.71,0.6170656507420941
95873-GUJ,Month-to-Month,26,0.0,335.47,0.6168084849448331
37470-TEL,Month-to-Month,7,74.2,2468.27,0.6166662103211028
31404-UTT,Month-to-Month,6,88.8,3380.51,0.6165536748624068
91259-AND,Month-to-Month,8,95.65,1999.38,0.616006744003667
48001-GUJ,Month-to-Month,33,107.5,3979.3,0.6153402430081201
64050-UTT,Month-to-Month,4,99.15,2084.92,0.6152657813959467
61862-WES,Month-to-Month,15,93.2,3180.3,0.6149360154028182
76248-MAH,Month-to-Month,14,80.1,512.79,0.6148707601727549
73015-GUJ,Month-to-Month,25,99.8,5196.71,0.6144805048294634
17664-KAR,Month-to-Month,22,73.7,2158.04,0.6133759205809047
36760-GUJ,Month-to-Month,6,85.6,2094.72,0.6133035368458678
33601-UTT,Month-to-Month,34,70.5,964.29,0.613230228142494
81203-UTT,Month-to-Month,5,97.7,4863.16,0.611449532368495
61257-UTT,Month-to-Month,32,75.4,1650.58,0.6113389621373477
25282-RAJ,Month-to-Month,4,97.0,1907.1,0.6102835227036407
92997-UTT,Month-to-Month,1,81.15,3944.1,0.6102034399901184
82483-BIH,Month-to-Month,3,104.4,4393.48,0.6099888885804551
55639-GUJ,Month-to-Month,7,92.15,4620.9,0.6092324168729203
85293-UTT,Month-to-Month,23,79.15,1262.94,0.6087406484188552
78013-UTT,Month-to-Month,6,100.6,7456.79,0.6084520671631528
27514-AND,Month-to-Month,20,85.45,2378.94,0.6081135145383036
54667-TEL,Month-to-Month,33,54.4,487.58,0.6075178252010467
25558-GUJ,Month-to-Month,31,100.55,3188.18,0.6062220834463407
41405-TAM,Month-to-Month,27,80.55,2109.87,0.6058884467699397
87831-PUN,Month-to-Month,12,55.3,322.62,0.6040386749384695
68150-AND,Month-to-Month,15,100.75,2010.84,0.6037230059233277
43566-BIH,Month-to-Month,12,103.6,1839.21,0.6036438598070728
17609-MAD,Month-to-Month,22,85.6,2106.22,0.6032771913336542
69719-TAM,Month-to-Month,16,94.6,3136.59,0.6032413346183196
87395-RAJ,Month-to-Month,3,93.35,4140.08,0.6027087479835388
22660-TEL,Month-to-Month,14,81.9,1473.24,0.6024013058685275
84798-PUN,Month-to-Month,6,80.05,2109.97,0.6003985763964053
44045-KER,Month-to-Month,6,82.85,398.96,0.5994465993000528
94847-WES,Month-to-Month,19,69.8,2410.15,0.5992300912941219
93000-MAD,Month-to-Month,13,74.15,1465.84,0.5986340484954692
39718-KAR,Month-to-Month,36,95.4,4935.08,0.5976368349809774
85923-PUN,Month-to-Month,31,88.95,3130.91,0.5974944920971808
26714-TAM,Month-to-Month,5,63.75,238.32,0.596578448002703
22329-HAR,Month-to-Month,20,34.65,768.45,0.5965365100608143
61760-TAM,Month-to-Month,4,98.55,2496.35,0.595436789318997
83717-AND,Month-to-Month,25,24.3,100.2,0.595247121815708
46848-WES,Month-to-Month,10,70.15,778.4,0.5948751887306342
58686-MAH,Month-to-Month,18,95.4,5014.77,0.5948244744966709
51921-UTT,Month-to-Month,10,56.4,317.89,0.592464779715166
72666-JAM,Month-to-Month,11,50.8,209.82,0.5923099904573322
56425-HAR,Month-to-Month,17,85.05,1535.0,0.5920469004378316
32496-TAM,Month-to-Month,7,100.85,441.01,0.5917618839981337
32454-UTT,Month-to-Month,20,92.95,4854.18,0.591273182226628
16898-UTT,Month-to-Month,2,80.35,2028.39,0.5909959729568683
22994-TEL,Month-to-Month,20,105.2,9724.03,0.5899936237434092
79898-PUN,Month-to-Month,17,0.0,1285.85,0.5896361687005007
28648-DEL,Month-to-Month,14,94.2,2687.05,0.5895414081839722
21711-WES,Month-to-Month,17,92.95,5277.9,0.5886171221611067
29558-MAD,Month-to-Month,31,70.4,4097.95,0.5883006065585682
22189-UTT,Month-to-Month,12,85.45,3258.42,0.5877278516825377
11540-DEL,Month-to-Month,15,104.1,7423.58,0.5876254499553037
96552-PUN,Month-to-Month,33,98.85,4678.38,0.5875552892128825
27828-JHA,Month-to-Month,24,100.4,3454.05,0.5865238242711852
56878-HAR,Month-to-Month,23,79.55,1221.41,0.5851640965072366
51260-MAD,Month-to-Month,3,103.05,5599.97,0.5851430991108305
92923-JHA,Month-to-Month,27,90.0,2749.29,0.5850321306685282
14925-UTT,Month-to-Month,33,106.35,5532.48,0.5831934002835769
79991-HAR,Month-to-Month,14,100.5,6500.15,0.5829331767119117
21218-PUN,Month-to-Month,11,102.4,7562.3,0.5820480204638756
58795-UTT,Month-to-Month,22,75.1,1821.17,0.5818228586277617
24462-WES,Month-to-Month,1,99.8,8054.55,0.5814632250339916
46116-MAH,Month-to-Month,23,74.6,2725.25,0.5809857650582544
23445-MAH,Month-to-Month,31,25.05,189.95,0.5790997678996093
79918-MAH,Month-to-Month,20,70.05,698.59,0.5788546434515852
36981-GUJ,Month-to-Month,35,95.7,7326.75,0.5785413185688161
13079-JAM,Month-to-Month,8,88.4,1107.65,0.5784223246053993
27775-GUJ,Month-to-Month,16,75.3,2360.55,0.5783702541936165
53253-GUJ,Month-to-Month,36,86.1,3706.87,0.5779327570006395
74078-GUJ,Month-to-Month,1,85.3,1226.82,0.5775554270098332
72746-AND,Month-to-Month,15,90.95,2206.86,0.5767007360171453
42409-AND,Month-to-Month,34,74.35,545.29,0.5764586726578206
22701-RAJ,Month-to-Month,3,101.3,1930.73,0.5760668338892194
81612-TAM,Month-to-Month,11,95.15,5050.96,0.5758501871688744
84345-KER,Month-to-Month,4,69.9,714.23,0.5748716753542101
15488-RAJ,Month-to-Month,10,42.4,146.4,0.5746446113050714
23402-KAR,Month-to-Month,27,30.5,118.4,0.5741170501221737
83319-KAR,Month-to-Month,26,94.5,4402.72,0.573975397827933
32034-UTT,Month-to-Month,4,100.45,4211.6,0.5736935847524524
25583-PUN,Month-to-Month,15,69.8,1835.81,0.5733441859111985
73931-ODI,Month-to-Month,16,101.15,4877.06,0.5732023124308802
55194-AND,Month-to-Month,34,89.1,2388.42,0.5731989971665112
94397-MAH,Month-to-Month,2,81.3,3061.64,0.5730568551681182
39670-JAM,Month-to-Month,16,96.1,4454.88,0.5716423862520659
32553-TAM,Month-to-Month,1,87.2,4068.68,0.5710033807853477
28520-ODI,Month-to-Month,16,98.65,3499.0,0.5707788812976937
54302-MAH,Month-to-Month,29,86.05,2129.91,0.5705713534758645
81845-AND,Month-to-Month,15,98.35,6230.82,0.5701886881253557
31655-TAM,Month-to-Month,18,40.75,379.4,0.5700907982922
98998-BIH,Month-to-Month,3,76.0,2418.54,0.5686197852296154
47029-ODI,Month-to-Month,2,75.35,1565.9,0.5675649595697329
89357-ODI,Month-to-Month,14,95.7,1600.65,0.5674256829230241
42100-TEL,Month-to-Month,7,24.95,190.25,0.566590062022807
29158-ODI,Month-to-Month,29,79.3,2993.4,0.5660023670473288
62343-TEL,Month-to-Month,29,80.05,1135.96,0.5659145084854148
35538-TAM,Month-to-Month,11,101.75,2031.2,0.5657212097313643
59266-MAH,Month-to-Month,6,89.85,3701.06,0.5654398003154786
79919-PUN,Month-to-Month,18,65.6,290.62,0.5653756763725614
77464-TAM,Month-to-Month,7,82.05,2875.9,0.5652585228255977
94907-HAR,Month-to-Month,1,84.6,1427.9,0.5642899040375844
21258-KAR,Month-to-Month,31,84.35,1395.95,0.5640829276223531
88839-PUD,Month-to-Month,9,87.8,3596.73,0.5634287484964049
82709-GUJ,Month-to-Month,29,78.5,594.43,0.5631985697382875
67672-RAJ,Month-to-Month,13,105.35,4492.65,0.56288299507464
58749-MAD,Month-to-Month,9,80.4,4713.53,0.5625889741421644
68532-MAD,Month-to-Month,12,50.3,395.66,0.5622884263941249
25220-DEL,Month-to-Month,3,75.3,1639.16,0.562197692153082
52425-WES,Month-to-Month,35,81.15,1143.51,0.5609109884424225
29355-WES,Month-to-Month,1,85.35,3696.96,0.5608541669630954
71415-KER,Month-to-Month,23,100.7,1959.02,0.5585717423961403
13203-RAJ,Month-to-Month,20,95.05,1774.31,0.5581553557887121
97045-UTT,Month-to-Month,27,29.05,129.6,0.5574145580762516
72117-ODI,Month-to-Month,22,94.55,5796.31,0.5572930828979716
81157-AND,Month-to-Month,21,85.95,2335.87,0.5557524603892183
96875-WES,Month-to-Month,17,68.65,2135.59,0.5557313313618355
83658-RAJ,Month-to-Month,12,84.6,2327.3,0.5544827906900455
88047-KAR,Month-to-Month,19,80.55,1795.78,0.5544807654550649
73077-PUN,Month-to-Month,4,86.0,1832.13,0.5539763691423261
97974-AND,Month-to-Month,17,101.35,7098.42,0.5538073338547711
68773-MAD,Month-to-Month,19,75.0,2331.42,0.5530661968348906
27350-GUJ,Month-to-Month,13,95.95,2271.58,0.552571701711176
96678-TEL,Month-to-Month,8,24.15,852.5,0.5511540282682922
77463-GUJ,Month-to-Month,20,91.05,4385.1,0.550110533156166
78312-MAH,Month-to-Month,27,106.15,7010.05,0.550079245384894
95287-TAM,Month-to-Month,28,104.35,7136.9,0.5497022709141678
35391-UTT,Month-to-Month,5,70.7,888.84,0.5495264633992024
49597-KAR,Month-to-Month,14,90.05,3778.7,0.5493615531199583
73218-TAM,Month-to-Month,9,88.75,6301.5,0.548493893767528
33836-UTT,Month-to-Month,30,25.65,440.2,0.5479425974082285
24632-TAM,Month-to-Month,14,102.65,5419.35,0.5474219396012585
84987-BIH,Month-to-Month,13,90.7,2289.55,0.5471813624361194
87644-JAM,Month-to-Month,16,25.05,125.5,0.5468578951093346
97402-PUN,Month-to-Month,8,55.0,565.82,0.5463319453128266
44056-AND,Month-to-Month,4,73.8,4891.07,0.5457403399683171
98151-HAR,Month-to-Month,16,92.55,5221.07,0.5456155353431633
79328-BIH,Month-to-Month,3,85.6,7300.16,0.5453432442184787
71598-TAM,Month-to-Month,20,45.45,452.47,0.544897725960774
31158-GUJ,Month-to-Month,24,84.25,2374.95,0.5447816065718463
46048-HAR,Month-to-Month,2,73.25,1836.23,0.5428235622957129
81949-HAR,Month-to-Month,3,95.5,2690.4,0.5424089593238122
35911-MAD,Month-to-Month,34,56.3,835.89,0.5420681543135564
74371-ODI,Month-to-Month,14,79.0,3158.59,0.5412319904299085
32072-PUN,Month-to-Month,30,70.55,1551.95,0.541220218996897
23786-AND,Month-to-Month,11,51.35,348.1,0.5411558662941993
87241-TAM,Month-to-Month,10,73.15,3069.76,0.5402590382252342
24525-HAR,Month-to-Month,30,89.1,2599.28,0.5401930199138325
47093-BIH,Month-to-Month,12,95.15,3220.95,0.5397716317638722
81623-ODI,Month-to-Month,35,78.15,1145.45,0.539333216380349
75748-TAM,Month-to-Month,17,64.9,865.26,0.5392336926622199
98676-MAD,Month-to-Month,3,98.6,6196.49,0.5392327944164044
81745-BIH,Month-to-Month,22,70.55,3010.85,0.5385871332057701
34133-BIH,Month-to-Month,12,25.05,852.7,0.5385670620966498
11241-MAD,Month-to-Month,11,105.1,3730.68,0.5384063758004264
78614-UTT,Month-to-Month,3,29.25,226.95,0.5372324836076947
19020-KER,Month-to-Month,20,48.65,302.9,0.5371161393434356
21986-WES,Month-to-Month,24,89.4,2481.55,0.5367936196675128
67718-TAM,Month-to-Month,1,86.25,1187.56,0.5366641579615882
14528-TAM,Month-to-Month,1,76.1,3134.35,0.5358232443038579
62686-HAR,Month-to-Month,21,84.5,5239.5,0.5356651928730998
67053-GUJ,Month-to-Month,11,56.75,383.91,0.5351693517525014
56949-MAH,Month-to-Month,4,90.65,3542.68,0.5348966374027296
79465-HAR,Month-to-Month,5,89.55,2693.03,0.5347800368382946
27906-UTT,Month-to-Month,25,79.15,4147.58,0.534065519273059
63091-WES,Month-to-Month,16,55.2,250.61,0.5330717368012448
18349-RAJ,Month-to-Month,2,70.15,1217.86,0.5329395959064659
38411-AND,Month-to-Month,4,95.9,7840.76,0.5325714332233293
88844-JAM,Month-to-Month,10,75.35,4006.78,0.5324603703623894
35604-ASS,Month-to-Month,34,78.85,2317.95,0.5324206979139596
42520-PUN,Month-to-Month,2,50.55,323.93,0.5323215235136282
65623-AND,Month-to-Month,26,92.85,8071.07,0.5313812646936004
75802-ODI,Month-to-Month,17,31.1,419.7,0.5295488741047891
39549-KAR,Month-to-Month,28,73.1,4636.05,0.5284603216623848
21592-KAR,Month-to-Month,36,90.15,2929.38,0.5282269868767067
63087-PUN,Month-to-Month,26,103.85,2548.69,0.5275674534199987
68494-MAH,Month-to-Month,27,79.95,2065.55,0.5264936163469142
93845-MAH,Month-to-Month,7,84.75,1819.55,0.5263177011821119
78650-UTT,Month-to-Month,2,88.85,1907.07,0.5260412275348535
75259-AND,Month-to-Month,14,73.75,1347.43,0.5253967878770041
48770-BIH,Month-to-Month,26,25.25,186.3,0.5249999362467637
65943-PUN,Month-to-Month,21,79.65,3007.02,0.5248608546530973
92945-TEL,Month-to-Month,21,100.3,5301.93,0.523683917638604
91967-CHH,Month-to-Month,22,24.6,190.1,0.5234127429517605
56365-MAH,Month-to-Month,32,91.65,5095.75,0.5233021075775766
27627-UTT,Month-to-Month,8,96.55,2473.05,0.5232709739154547
78891-BIH,Month-to-Month,15,89.2,3453.34,0.5231616148654753
27893-PUN,Month-to-Month,27,81.0,1911.5,0.5229481568249187
54025-UTT,Month-to-Month,23,89.05,2018.25,0.5200873787870628
72278-UTT,Month-to-Month,21,80.0,1467.32,0.5187486558283864
35458-MAD,Month-to-Month,13,95.7,2433.6,0.5186132039089141
81060-PUN,Month-to-Month,14,106.4,4710.28,0.5180329083029719
78962-TAM,Month-to-Month,6,55.15,364.78,0.5179376672026643
33077-BIH,Month-to-Month,7,30.15,392.2,0.5179287332324134
89415-WES,Month-to-Month,23,29.3,355.9,0.5174026682405726
86395-PUN,Month-to-Month,2,88.85,3475.23,0.5168796396075218
59594-TAM,Month-to-Month,27,68.6,1561.15,0.516454940363001
67756-WES,Month-to-Month,20,59.45,422.88,0.5164339775251029
48700-KAR,Month-to-Month,12,87.9,1935.38,0.5159141274316394
49018-MAH,Month-to-Month,1,77.8,1687.58,0.5158481345505421
97688-TAM,Month-to-Month,29,94.65,9139.19,0.5157443399086209
48731-TAM,Month-to-Month,27,54.85,409.67,0.5152475813146075
67547-GUJ,Month-to-Month,3,79.85,2848.2,0.5145371021394958
82080-BIH,Month-to-Month,10,30.2,469.65,0.5140112284255782
48298-PUN,Month-to-Month,1,75.0,2427.99,0.514007520700664
87940-UTT,Month-to-Month,22,93.0,1249.15,0.5135487463514261
41630-WES,Month-to-Month,6,80.55,2146.09,0.5133882445033386
33772-DEL,Month-to-Month,27,74.0,5817.79,0.5123327773580496
84783-WES,Month-to-Month,13,112.95,2625.75,0.5119454576138184
25566-BIH,Month-to-Month,16,45.25,295.71,0.5112236540067797
85558-GUJ,Month-to-Month,13,70.05,1091.75,0.5105237779043411
61574-KAR,Month-to-Month,13,74.25,3133.38,0.5103294117370768
43635-ODI,Month-to-Month,24,95.1,3946.18,0.5099844420785841
34064-UTT,Month-to-Month,18,98.05,5187.39,0.5098290082643993
83931-MAD,Month-to-Month,27,96.35,5092.2,0.5096175058197657
15512-PUN,Month-to-Month,13,84.8,4146.53,0.5093535376361789
96108-TEL,Month-to-Month,26,0.0,2549.1,0.5091217126674277
48234-KAR,Month-to-Month,6,94.9,5618.79,0.5087089017247028
72303-KAR,Month-to-Month,35,91.25,3978.45,0.5084104919054311
18152-ODI,Month-to-Month,8,103.1,1351.16,0.508152399412188
16343-MAH,Month-to-Month,5,69.85,1162.34,0.508148270273883
43067-KAR,Month-to-Month,19,44.55,341.03,0.5067107932693307
73015-KER,Month-to-Month,27,90.35,492.22,0.5065978855857353
45459-AND,Month-to-Month,22,108.2,2524.7,0.5061219042449588
98982-UTT,Month-to-Month,2,105.9,8713.85,0.5054763733856833
51587-UTT,Month-to-Month,36,75.1,1642.5,0.5054131825239904
91813-KER,Month-to-Month,33,40.05,162.45,0.5049182746530182
49899-DEL,Month-to-Month,20,49.6,1203.4,0.5048714437600924
44243-AND,Month-to-Month,11,53.8,540.95,0.5042178541168414
83664-TAM,One Year,22,98.9,1528.25,0.5042003733806468
33278-KER,Month-to-Month,36,78.9,1708.5,0.5036851496953914
33852-ASS,Month-to-Month,25,66.25,752.21,0.5026643006269003
62544-GUJ,Month-to-Month,33,45.3,528.45,0.5024774881183818
31196-MAD,Month-to-Month,31,45.9,1352.4,0.5021349512787833
32445-ODI,One Year,27,106.8,7138.2,0.502051652775489
33980-PUN,Month-to-Month,29,30.85,394.1,0.5016625619964745
59775-KAR,Month-to-Month,36,44.95,1011.01,0.5008999539508099
26949-MAH,Month-to-Month,19,93.4,3865.42,0.500302957920355
31507-RAJ,Month-to-Month,14,80.0,4023.62,0.4998778057272773
95174-GUJ,Month-to-Month,12,69.7,552.34,0.4997255397421611
23746-AND,Month-to-Month,29,90.4,6039.48,0.49942141860451744
37048-KAR,Month-to-Month,4,49.25,360.49,0.49935955316830044
13207-MAD,Month-to-Month,4,54.7,262.13,0.498854637991795
68185-JAM,Month-to-Month,12,106.65,2331.36,0.4977642188753554
78979-KAR,Month-to-Month,1,107.75,6224.25,0.49759817993190886
39892-ODI,Month-to-Month,31,107.55,5285.27,0.4965881634626037
99204-HAR,Month-to-Month,2,105.5,2946.05,0.4962616321951025
42561-GUJ,Month-to-Month,17,48.8,413.5,0.49583347488566754
92515-DEL,Month-to-Month,1,104.95,6104.85,0.4958325577568454
44055-UTT,Month-to-Month,17,49.4,477.85,0.4948469778916941
56595-KAR,Month-to-Month,4,45.9,664.35,0.49471022515626345
84468-BIH,Month-to-Month,8,79.85,1371.15,0.49418179054788747
64339-GUJ,Month-to-Month,20,91.5,4120.31,0.4939308674640701
88689-KAR,Month-to-Month,26,69.95,1644.38,0.49359188246116065
19152-ASS,One Year,3,100.3,5642.29,0.4926854880451604
43387-MAD,Month-to-Month,16,49.0,925.5,0.4924134262851049
29403-UTT,Month-to-Month,23,70.35,3619.98,0.4921598330627663
31589-PUN,Month-to-Month,19,85.9,2493.8,0.4916336124945446
76324-UTT,Month-to-Month,11,89.85,4050.25,0.4915584780143778
29861-TAM,Month-to-Month,20,49.15,649.4,0.4912655466504724
96222-DEL,Month-to-Month,4,95.0,2959.89,0.4901771113192681
52175-KAR,Month-to-Month,34,75.15,621.1,0.4899126310033024
97810-GUJ,Month-to-Month,32,99.0,7196.98,0.4896932543965877
68216-ODI,Month-to-Month,21,94.4,5743.32,0.4894385915808248
47938-BIH,Month-to-Month,24,29.15,357.15,0.48914337982071504
22357-AND,Month-to-Month,13,104.25,9490.95,0.488813613613718
74498-HAR,Month-to-Month,7,29.8,201.95,0.48770784303171333
39611-AND,Month-to-Month,6,24.85,955.75,0.486132088822149
92735-AND,Month-to-Month,21,61.3,410.2,0.4861200475369
84116-UTT,Month-to-Month,35,44.35,1010.15,0.4859801230976993
73441-UTT,Month-to-Month,4,81.3,3511.68,0.4856166654063905
53797-PUN,Month-to-Month,16,55.7,354.25,0.4855818246587857
89908-TAM,Month-to-Month,31,103.65,5861.6,0.48525347710433286
25634-JAM,Month-to-Month,15,96.6,3624.31,0.48513278364509993
41036-HAR,Month-to-Month,19,94.95,3200.34,0.4847533701827776
71949-JHA,Month-to-Month,34,99.05,7413.62,0.484033349017094
81886-CHH,Month-to-Month,27,85.4,8249.21,0.4839744466690078
28024-RAJ,Month-to-Month,34,89.8,7333.93,0.4839595892135664
71400-PUN,One Year,26,97.0,3386.4,0.4835640300965371
85850-HAR,One Year,30,96.5,7013.26,0.4835263979435421
36451-AND,Month-to-Month,30,64.0,594.15,0.483093104565635
68634-TEL,Month-to-Month,9,80.0,2748.65,0.4827503228887838
14622-PUN,Month-to-Month,15,34.25,163.55,0.48259653739404873
78270-TAM,Month-to-Month,15,55.7,2508.15,0.4825700605075595
93031-GUJ,Month-to-Month,30,81.0,6285.18,0.4825630933859573
81862-WES,Month-to-Month,10,80.25,5051.81,0.48211503187198995
75143-JAM,One Year,29,105.0,2178.3,0.4815469957076222
35322-MAH,Month-to-Month,11,93.25,8645.21,0.47960747077404925
45591-GUJ,Month-to-Month,5,65.55,290.44,0.4792816816177807
64258-GUJ,Month-to-Month,29,84.35,2557.49,0.47881822088969916
67669-UTT,One Year,23,103.1,5671.38,0.4788126050065848
77650-TAM,Month-to-Month,3,89.3,4814.05,0.4786346885943996
35430-ASS,Month-to-Month,3,78.3,1599.04,0.4781040636081557
73588-KER,Month-to-Month,29,85.8,3070.89,0.47734944595952156
22753-KAR,Month-to-Month,9,105.7,4186.2,0.47725056888895656
24419-BIH,Month-to-Month,16,80.75,2057.3,0.4752860406766258
25767-TAM,One Year,19,101.9,1819.05,0.4749123015725335
67293-JAM,One Year,11,95.7,1772.0,0.47431390371980986
16327-WES,One Year,2,101.45,3199.71,0.47372788366537083
48729-BIH,Month-to-Month,16,43.8,619.67,0.47365951846750515
23761-HAR,Month-to-Month,16,29.75,301.9,0.47285868917754387
51146-MAD,Month-to-Month,9,74.3,6935.5,0.4728294712936338
43717-PUN,Month-to-Month,31,75.4,1451.75,0.4726457473161611
76322-GUJ,Month-to-Month,15,59.9,1437.05,0.47232579116853846
76357-UTT,Month-to-Month,33,50.35,1098.85,0.47193154583238006
17481-MAD,One Year,22,89.35,616.16,0.4718039266584801
66114-MAD,Month-to-Month,10,69.75,2832.1,0.471608971784224
46542-HAR,Month-to-Month,32,40.35,1677.85,0.47146705681130885
95880-WES,Month-to-Month,4,75.3,2823.69,0.4711459901635797
78850-KAR,Month-to-Month,33,49.0,1363.98,0.4706528163636066
96951-AND,Month-to-Month,34,81.5,4693.82,0.47041763111191925
93540-MAH,Month-to-Month,27,75.5,2942.3,0.47038835911924887
33099-TEL,Month-to-Month,19,96.9,2280.95,0.4693414490155139
59905-TEL,Month-to-Month,36,78.85,1765.94,0.4691541124118438
21130-PUN,Month-to-Month,29,79.9,3687.25,0.46874783608927423
47925-TEL,Month-to-Month,8,104.35,4622.61,0.4681803433364965
41210-WES,Month-to-Month,35,83.4,6491.61,0.46811774907800885
65380-JAM,Month-to-Month,2,84.9,1544.81,0.4677605573208852
58522-RAJ,Month-to-Month,5,89.9,3360.02,0.46719722135265074
74782-GUJ,Month-to-Month,27,39.2,899.9,0.46695456138495084
64056-KAR,One Year,6,90.45,3224.11,0.4669132547488997
13380-JAM,Month-to-Month,8,0.0,1840.6,0.4664590498003845
75751-TAM,Month-to-Month,8,89.25,2455.72,0.46628510283370217
97301-JAM,Month-to-Month,18,49.7,1307.53,0.46591600498702185
98362-KER,Month-to-Month,9,53.65,687.29,0.46585500550720194
41758-BIH,One Year,15,75.35,419.0,0.4652347951308766
24054-BIH,Month-to-Month,3,49.85,617.15,0.46504773923274473
62597-UTT,Month-to-Month,29,91.7,3962.03,0.4650452717115443
22226-KER,Month-to-Month,13,91.0,4137.15,0.46479430172433317
82364-PUN,Month-to-Month,13,74.6,4887.53,0.46446852490576124
69378-KER,Month-to-Month,31,79.85,4720.81,0.462903888239412
85643-KER,Month-to-Month,6,94.0,6752.8,0.46114779197225886
96068-UTT,Month-to-Month,15,50.95,229.4,0.45932641111773004
32932-MAD,Month-to-Month,5,50.6,1073.3,0.4592778625847019
51858-TAM,Month-to-Month,18,55.0,771.95,0.4590949289640274
53586-HAR,Month-to-Month,13,52.3,3805.05,0.45907146410697625
99580-TEL,Month-to-Month,31,106.35,8436.78,0.45858499913688416
47565-JAM,Month-to-Month,9,54.25,712.6,0.4582757579646118
35240-WES,Month-to-Month,9,94.3,3929.5,0.4582183860336886
69814-TAM,Month-to-Month,18,103.65,7527.95,0.45818647142347574
86421-TEL,Month-to-Month,25,90.65,7330.6,0.4573529758341923
98842-DEL,Month-to-Month,12,84.3,3261.54,0.45732706321451955
33715-AND,Month-to-Month,31,83.8,4709.24,0.4565559963917735
37230-TEL,Month-to-Month,9,50.7,239.63,0.45646539121105517
41429-ODI,Month-to-Month,30,69.05,2790.91,0.4559392649643484
28291-KAR,Month-to-Month,35,49.6,1103.88,0.4559187292986912
61036-KER,One Year,30,29.8,208.62,0.4552785824302512
12853-HAR,Month-to-Month,18,80.0,4695.81,0.45515556307545285
99126-UTT,Month-to-Month,28,44.5,1307.8,0.45456735892287053
78138-HAR,Month-to-Month,22,89.9,8023.5,0.45428759329712337
34120-ODI,Month-to-Month,11,43.75,766.37,0.4539645887562338
99015-AND,One Year,12,19.95,95.64,0.4535235999467707
58518-JAM,One Year,12,89.15,688.87,0.45345298955931534
91215-JAM,Month-to-Month,16,62.1,2171.35,0.4532796351223787
26977-UTT,Month-to-Month,1,93.8,5928.08,0.45321562125113124
15205-TEL,Month-to-Month,10,0.0,5027.26,0.45267208893673055
73421-PUN,Month-to-Month,6,94.1,6234.94,0.4526386068018698
52674-ODI,Month-to-Month,29,49.75,3069.45,0.45156031333176705
52365-TAM,Month-to-Month,25,68.55,803.87,0.4514830098608014
96715-HAR,Month-to-Month,16,78.2,2040.97,0.4506934118579635
64136-TAM,One Year,9,98.25,6769.65,0.45029577531644777
61504-PUN,Month-to-Month,11,104.5,5258.15,0.45021512773435357
16702-JAM,Month-to-Month,28,89.7,5123.53,0.45018505106865814
94005-GUJ,One Year,20,106.8,7760.48,0.44975195718136046
31538-HAR,Month-to-Month,12,111.15,7503.8,0.44946890712209137
87508-RAJ,Month-to-Month,24,44.65,615.31,0.44900921114521064
92475-TAM,Month-to-Month,3,69.7,1837.34,0.44885437117596505
57083-KAR,Month-to-Month,13,98.7,7148.09,0.44786964097664544
42564-HAR,Month-to-Month,4,50.1,732.81,0.4469229202906729
31283-HAR,One Year,8,104.8,4909.21,0.44638947791205863
33053-TAM,Month-to-Month,4,100.85,7043.04,0.4455084239088612
35822-UTT,Month-to-Month,9,89.9,3682.25,0.445431943173935
89521-MAH,Month-to-Month,1,84.75,3363.91,0.44524622832883004
84192-TEL,Month-to-Month,32,51.1,563.6,0.4452295534768887
84506-GUJ,One Year,28,106.5,7154.33,0.4451780963603762
52215-HAR,Month-to-Month,36,49.8,1970.46,0.444896340369356
52196-RAJ,Month-to-Month,33,44.75,534.55,0.4433923102644499
33051-UTT,Month-to-Month,16,85.3,4994.24,0.44188281389173406
29868-RAJ,Month-to-Month,17,64.4,257.4,0.4409737192190077
47576-MAH,Month-to-Month,8,106.2,8062.46,0.4408799235421998
79867-ASS,One Year,14,95.1,3289.29,0.4408043163805862
56352-MAH,One Year,2,91.0,2636.5,0.44050346171082744
63913-JHA,One Year,31,105.25,5776.64,0.4402960128546035
61417-UTT,Month-to-Month,24,94.6,6545.76,0.4400038393812228
49879-UTT,Month-to-Month,32,49.45,549.56,0.4391849286286386
23679-TEL,Month-to-Month,11,89.6,4453.48,0.439056656673586
42399-DEL,Month-to-Month,26,95.1,1278.75,0.438161445946664
93155-KER,Month-to-Month,30,44.25,533.46,0.43764217764673363
56043-KAR,Month-to-Month,1,50.3,587.78,0.43758215599924566
23152-KAR,Month-to-Month,36,94.45,6976.65,0.4375266472603289
22134-WES,Month-to-Month,7,50.55,459.85,0.4374519645277548
54834-PUN,Month-to-Month,5,81.4,3847.4,0.43663145534444897
28587-GUJ,Month-to-Month,5,0.0,889.79,0.43662930194912536
51220-HAR,Month-to-Month,20,71.05,2366.55,0.4360838580927622
33514-UTT,Month-to-Month,3,50.35,570.51,0.4360568285558469
78149-BIH,Month-to-Month,24,25.15,468.35,0.4357323108675022
91408-MAH,One Year,33,34.55,362.6,0.43530316644428446
85301-WES,Month-to-Month,36,74.8,2217.27,0.43447560108861316
11596-KAR,Month-to-Month,11,49.2,766.11,0.4343906993532991
34897-RAJ,Month-to-Month,9,43.95,2007.85,0.4338815968864993
69335-TAM,Month-to-Month,1,95.0,3409.37,0.4337405424223806
95019-TEL,Month-to-Month,9,25.15,283.26,0.43356164221285154
99652-AND,Month-to-Month,16,29.35,226.45,0.4325289238687736
62021-RAJ,One Year,9,99.85,4533.15,0.4324747033887678
94444-MAD,Month-to-Month,21,38.9,664.4,0.4318757817662427
29540-KER,Month-to-Month,29,91.0,3892.87,0.43173156994104156
54638-UTT,One Year,21,105.1,6892.2,0.4316029096235078
99122-HAR,One Year,16,103.15,7874.7,0.4315452055327341
14878-PUN,Month-to-Month,29,83.25,6791.67,0.4311653782074374
99463-JHA,Month-to-Month,8,105.5,7551.7,0.4300541191118094
45163-RAJ,Month-to-Month,33,74.15,1334.08,0.42987458601059464
72195-TAM,Month-to-Month,20,83.4,6513.2,0.4296368715625785
76785-UTT,One Year,26,109.1,5291.06,0.42915872866147975
93096-AND,Month-to-Month,14,99.95,4718.22,0.4289472282014185
92621-ODI,Month-to-Month,3,105.45,6056.95,0.42882273173896673
44192-AND,Month-to-Month,5,100.75,3173.44,0.42875936088070704
45317-UTT,Month-to-Month,1,74.75,1049.29,0.42867419066858986
15583-KER,One Year,11,99.5,7321.93,0.4285186511877476
93220-KER,Month-to-Month,12,58.35,836.19,0.42833941012606735
67398-UTT,One Year,14,99.1,6627.8,0.42800209696668917
37906-UTT,Month-to-Month,7,69.75,4068.2,0.4279421106569335
99101-KER,Month-to-Month,25,98.8,4204.9,0.4273518431227796
83648-PUN,Month-to-Month,14,85.5,7017.35,0.4272063614701109
55895-TAM,Month-to-Month,13,76.55,2678.88,0.4270193311155981
84516-WES,One Year,30,107.05,2723.25,0.4268242309747416
78881-GUJ,One Year,9,104.85,4052.17,0.4265613374486072
53927-TAM,Month-to-Month,30,62.8,476.33,0.426489680993525
66037-ODI,Month-to-Month,9,71.95,1051.96,0.4264574622407995
53976-CHH,Month-to-Month,32,24.95,1364.75,0.4264370977213409
54515-MAD,Month-to-Month,4,49.55,412.49,0.4258871209582335
52819-PUN,One Year,9,103.95,7364.84,0.42566972476726717
83601-MAH,Month-to-Month,5,55.7,354.61,0.4254816997676357
29604-AND,Month-to-Month,32,109.4,8676.38,0.42488878407798447
41373-KAR,Month-to-Month,32,89.2,5359.39,0.42390963237609613
65556-KAR,Month-to-Month,35,84.9,6804.09,0.42380244734453654
97925-GUJ,One Year,20,101.25,7630.18,0.423689788998056
95066-AND,Month-to-Month,10,69.05,2714.99,0.42362001994949855
48240-KAR,Month-to-Month,23,45.0,298.7,0.4231837564985208
99304-KER,Month-to-Month,10,55.5,383.19,0.4229878859765762
58467-MAH,Month-to-Month,25,81.55,6361.5,0.42250474342275174
45922-MAD,Month-to-Month,5,93.25,5219.3,0.4223539446400307
12699-TEL,Month-to-Month,8,44.8,692.05,0.42190912868263086
68338-KAR,One Year,8,100.3,4530.3,0.42173486533426097
41038-TEL,One Year,3,110.5,3823.12,0.42172152971907956
28776-TEL,One Year,6,101.1,5961.02,0.4211991367291224
52668-HAR,One Year,8,97.8,8090.26,0.4210862680671153
47661-HAR,One Year,9,86.8,2955.42,0.42101407372930866
58826-TAM,Month-to-Month,8,56.75,836.25,0.4206683961877613
45390-PUN,Month-to-Month,8,48.95,422.23,0.4204956068079724
16003-MAD,Month-to-Month,32,69.6,1655.99,0.41944912627250436
93014-MAH,One Year,2,116.25,4660.99,0.4190890722679937
56229-ASS,Month-to-Month,31,74.3,2344.21,0.4187131604509846
92005-UTT,Month-to-Month,1,45.8,590.7,0.41822492535210004
87616-CHH,Month-to-Month,12,93.4,4461.86,0.4181370767566348
37295-KAR,Month-to-Month,20,60.95,713.05,0.41801233134101046
91641-TEL,One Year,9,93.8,4077.19,0.41782041491174
72968-BIH,Month-to-Month,29,20.15,73.65,0.4175470268108002
59552-UTT,Month-to-Month,14,85.9,3295.21,0.41731513724526564
21598-PUN,Month-to-Month,11,56.2,1857.58,0.4160355662326748
78989-GUJ,Month-to-Month,18,44.45,456.58,0.415615162871858
25130-KAR,Month-to-Month,10,95.9,3018.59,0.41453636393731214
29412-ASS,Month-to-Month,19,106.4,4546.6,0.4143489782642616
71425-WES,Month-to-Month,25,89.95,1834.21,0.41412855289936995
62038-RAJ,Month-to-Month,34,25.1,382.8,0.4140357340760929
48949-WES,Month-to-Month,30,96.65,8416.93,0.414007492996083
91017-GUJ,Month-to-Month,10,56.15,425.75,0.41376777584980196
49491-TEL,Month-to-Month,19,45.0,1404.18,0.4137020758248717
99350-KER,Month-to-Month,30,55.3,967.99,0.41352283476706003
62238-PUN,One Year,15,100.55,5898.87,0.4126187464238935
52350-MAD,Month-to-Month,35,89.1,5913.42,0.4123745492551003
47424-TAM,One Year,36,96.65,2078.36,0.4121547988825407
48118-MAH,Month-to-Month,26,34.7,511.02,0.4121015411505396
31894-KAR,Month-to-Month,35,92.4,3327.14,0.41174375423085485
76949-KAR,Month-to-Month,30,38.55,156.1,0.41103913533923253
74668-MAH,Month-to-Month,9,65.15,907.16,0.4109963562900927
98565-UTT,Month-to-Month,22,104.1,7932.7,0.4106713298620191
92225-JAM,Month-to-Month,14,111.5,6870.95,0.4105430311930519
19279-UTT,One Year,18,103.7,7603.95,0.4102359668638836
13567-AND,Month-to-Month,18,35.2,657.3,0.4100475917402663
48545-AND,One Year,15,98.85,4758.1,0.40963407218951914
48549-HAR,Month-to-Month,33,49.5,473.26,0.40945901608825913
43466-ODI,Month-to-Month,3,114.1,7883.67,0.40928662422088735
53414-MAH,Month-to-Month,6,109.95,5441.0,0.40909694934849117
53665-HAR,One Year,20,104.9,9490.53,0.409075446779403
53957-BIH,Month-to-Month,34,65.85,1088.41,0.4089292329906588
78911-WES,Month-to-Month,29,31.65,389.95,0.40887713620416644
84975-UTT,Month-to-Month,21,108.25,8234.77,0.40840450988208815
51550-UTT,One Year,20,100.8,3511.7,0.40789301960731406
98884-WES,One Year,36,110.85,4483.16,0.4077337614347141
68521-PUN,One Year,25,95.05,5820.68,0.4073483690031589
49485-JAM,Month-to-Month,2,60.35,2061.4,0.4069514242149435
12069-UTT,Month-to-Month,14,59.65,915.79,0.40689081189346654
83338-MAH,Month-to-Month,21,90.4,5069.91,0.4066248347554226
38985-UTT,Month-to-Month,12,51.1,1178.1,0.40660506067978647
58353-MAH,Month-to-Month,13,0.0,610.28,0.4065130911047246
62794-MAD,Month-to-Month,16,90.4,6339.95,0.40649431778814005
88789-TAM,One Year,6,100.05,2289.35,0.4062060011904496
89597-MAH,One Year,3,94.4,2718.2,0.4056179247763702
45769-GUJ,One Year,17,103.8,3616.32,0.4055594166133379
91332-JAM,Month-to-Month,5,106.45,8499.2,0.40501028545320067
91590-TAM,Month-to-Month,11,68.85,3033.75,0.40452532570104477
59949-KAR,Month-to-Month,10,63.95,387.9,0.4044502799706739
68840-WES,Month-to-Month,14,58.95,941.87,0.4043644831095214
18842-HAR,Month-to-Month,30,94.75,6564.66,0.40386527832161756
39280-DEL,One Year,23,104.05,3871.57,0.40353241126105316
69082-KAR,Month-to-Month,20,92.7,2403.11,0.403451076013718
85794-JHA,One Year,4,99.25,4806.7,0.40274380276355615
74937-RAJ,Month-to-Month,21,30.35,678.75,0.4027190109084499
17032-UTT,Month-to-Month,1,98.7,6061.5,0.4025673697508412
53826-MAH,One Year,12,90.7,4207.56,0.402391171582382
39078-MAH,One Year,13,99.9,8348.29,0.4022507032822241
74685-GUJ,One Year,25,92.2,2937.47,0.40215407345331816
17841-MAH,Month-to-Month,30,95.5,5014.9,0.40197848360996075
71642-KER,Month-to-Month,1,48.25,1293.8,0.40196910412021114
34135-MAH,Month-to-Month,6,71.4,1623.46,0.4005667041597464
91863-KAR,Month-to-Month,10,50.55,565.35,0.4003876728143005
35673-UTT,Month-to-Month,18,49.4,575.45,0.4000025399250021
42950-PUN,Month-to-Month,29,0.0,5450.05,0.39996761297084715
91773-DEL,One Year,11,100.5,2982.67,0.3998599584701742
47130-TEL,Month-to-Month,1,108.75,8155.01,0.3997636095837838
91731-BIH,One Year,36,100.35,3015.44,0.39972999403771314
18432-RAJ,One Year,25,97.95,5702.88,0.39957694132487914
95804-PUN,Month-to-Month,36,109.45,6848.25,0.3995455353807578
33999-ODI,Month-to-Month,35,50.85,2036.55,0.39948846110943664
92658-HAR,Month-to-Month,18,45.5,461.66,0.3994548712136804
82499-ASS,One Year,28,104.65,8292.34,0.399364505619517
66581-UTT,One Year,32,93.95,3880.97,0.399067110648756
13795-DEL,Month-to-Month,4,100.4,8495.52,0.39897465773696866
49959-HAR,Month-to-Month,32,34.4,592.75,0.39888311139401156
73897-TAM,Month-to-Month,20,44.85,2564.95,0.3986922063718797
71887-KAR,Month-to-Month,15,50.35,1277.5,0.39839073880456877
41619-TAM,Month-to-Month,35,95.4,4644.5,0.39829376492013213
63539-GUJ,Month-to-Month,9,79.1,2132.89,0.39821539944035433
13055-UTT,One Year,33,106.5,7812.1,0.3974201216210103
35011-MAH,Month-to-Month,32,103.75,6139.75,0.39728683562069006
12210-AND,Month-to-Month,31,34.3,577.15,0.3965624883070988
46241-KER,One Year,16,100.65,7018.75,0.3964912015174979
87963-UTT,Month-to-Month,10,111.45,6388.38,0.3961866795749763
25059-JAM,One Year,35,108.35,4101.7,0.39604259632645766
25507-MAD,Month-to-Month,9,26.05,565.75,0.39602305303562685
35267-ODI,Month-to-Month,20,45.65,357.59,0.39576025115527513
92278-HAR,One Year,34,103.4,7046.9,0.39515776393216734
22463-JAM,One Year,5,98.85,7511.27,0.3951498296046098
81654-KER,One Year,14,90.65,5019.15,0.3948091091891179
84373-UTT,Month-to-Month,20,84.55,4739.95,0.39468429314445413
79440-RAJ,Month-to-Month,3,64.35,394.25,0.39460601160323433
75202-MAD,Month-to-Month,4,61.4,549.78,0.3945496901063833
95093-KAR,One Year,9,104.65,3892.53,0.3941249982432064
24258-BIH,One Year,20,108.95,6672.2,0.3935470782838138
29217-KAR,Month-to-Month,1,49.8,1742.71,0.3932770180986165
73850-MAH,One Year,20,103.15,6252.77,0.39306570245797323
17283-KAR,Month-to-Month,16,45.0,957.67,0.3920768726335935
39534-WES,Month-to-Month,5,35.15,1051.05,0.39200499335245287
53549-AND,Month-to-Month,6,59.55,2737.61,0.39194715893356
58163-PUN,Month-to-Month,29,48.7,2495.2,0.39132846751357064
95254-WES,Month-to-Month,7,29.6,319.21,0.3913188063662572
82364-TAM,One Year,7,105.7,8522.77,0.39121094872850243
81013-RAJ,Month-to-Month,29,84.3,3310.5,0.39068380148798826
55615-UTT,One Year,33,104.55,3001.91,0.3906467892853037
91337-DEL,Month-to-Month,32,51.3,479.46,0.39005201508133924
67413-KAR,Month-to-Month,33,105.35,4918.56,0.3892939536414936
17956-WES,Month-to-Month,6,49.9,1708.75,0.38919679445462807
49342-KAR,Month-to-Month,16,45.05,897.74,0.38906942435652536
52414-DEL,One Year,25,70.05,329.7,0.38900901694346207
58967-TEL,Month-to-Month,15,44.7,394.94,0.38897244184892116
48746-PUN,Month-to-Month,8,29.1,688.0,0.3888889196035305
54000-KAR,One Year,6,108.3,6369.05,0.3887446400401097
66919-UTT,One Year,22,107.45,8320.2,0.388645211335204
26817-MAD,One Year,33,99.5,7104.34,0.38852848055820793
35416-UTT,One Year,23,95.0,7940.06,0.38807084105118933
11310-RAJ,One Year,15,102.15,6270.75,0.38806315256333573
52985-ASS,One Year,31,82.9,1200.7,0.38796262722930636
89718-MAH,Month-to-Month,6,85.1,5692.15,0.3878491606613969
48155-KAR,One Year,13,101.15,4817.25,0.38773677277499474
81840-KAR,Month-to-Month,29,106.05,10373.65,0.38765456565494016
89751-TAM,One Year,8,96.0,7431.88,0.3876024577875543
73613-TAM,Month-to-Month,5,98.15,6610.08,0.3874190835196692
18928-UTT,Month-to-Month,18,90.55,5313.4,0.3873253515072714
36337-AND,Month-to-Month,4,50.2,725.55,0.38715425740687076
41611-TEL,One Year,5,81.6,2960.85,0.3871231613604687
81800-WES,Month-to-Month,27,76.85,5939.11,0.38701580001442354
44094-JAM,Month-to-Month,5,69.5,2267.48,0.3866684179747037
74542-MAH,Month-to-Month,16,89.8,5239.0,0.38659085961611644
45118-HAR,Month-to-Month,30,97.55,8935.65,0.38649249176611283
27946-AND,Month-to-Month,29,91.2,3816.31,0.3864344119301048
94725-TAM,Month-to-Month,32,85.7,4014.4,0.38628685633294085
38663-TAM,One Year,36,88.9,5694.32,0.3861422878113935
53251-AND,Month-to-Month,27,89.3,3466.56,0.3851807212161098
13643-ASS,Month-to-Month,29,46.3,1003.5,0.3850551742670891
28715-DEL,Month-to-Month,10,56.15,1474.72,0.3849071426780701
53499-TEL,One Year,5,106.0,5310.03,0.38459735726935196
25046-HAR,Month-to-Month,34,90.8,5114.23,0.38455502158664356
55004-TEL,Month-to-Month,25,30.2,1453.1,0.38430444965804467
61572-GUJ,Month-to-Month,9,74.55,1783.62,0.38397185219386837
84650-PUN,Month-to-Month,10,78.85,4725.65,0.383953030118445
79244-BIH,One Year,9,94.15,5934.73,0.3830864871750372
42575-JAM,Month-to-Month,16,65.45,853.41,0.38253903655973626
11647-GUJ,Month-to-Month,4,69.1,1307.54,0.3825356633094257
53474-TAM,Month-to-Month,6,95.3,7879.6,0.3824434842887111
47736-UTT,One Year,4,81.45,2135.2,0.3821987989758993
98883-UTT,Month-to-Month,2,44.65,1156.55,0.38187072044873355
13442-TAM,Month-to-Month,8,99.45,7979.48,0.38183213415550665
82777-UTT,Month-to-Month,7,68.95,905.61,0.3815576736334515
56123-AND,Month-to-Month,1,66.7,908.04,0.3815226125465931
65731-ASS,Month-to-Month,12,79.4,4978.2,0.3815069135721822
43365-WES,Month-to-Month,3,87.35,4550.01,0.38142206997535216
23597-UTT,Month-to-Month,28,49.65,2553.35,0.38099532129081903
75175-KER,Month-to-Month,5,64.4,2062.83,0.38076791619146844
34524-MAH,Month-to-Month,23,89.4,9200.36,0.38063756150316
59199-JAM,Month-to-Month,22,61.8,1116.05,0.38060176983666605
77154-UTT,Month-to-Month,8,63.95,2977.85,0.3804767793719829
47736-GUJ,Month-to-Month,1,83.85,8597.1,0.3804670987538437
47773-HAR,One Year,32,106.65,6401.58,0.38042185355511415
24297-JHA,Month-to-Month,34,54.9,1596.15,0.3800088396699656
61256-MAH,One Year,16,104.15,1452.21,0.37958689769238496
94901-HAR,Month-to-Month,32,72.8,5140.0,0.3795162337694366
13399-HAR,Month-to-Month,18,44.8,2104.55,0.37949300030442357
35919-PUN,Month-to-Month,11,81.95,3186.75,0.37938807523497314
46826-WES,Month-to-Month,21,35.75,961.4,0.3791180114909343
49285-RAJ,Month-to-Month,30,89.65,3008.33,0.3791066992841906
81858-KER,Month-to-Month,8,80.45,1273.83,0.37818892814301924
27031-KAR,Month-to-Month,34,108.75,5890.9,0.37779347589661794
99834-GUJ,One Year,22,97.95,6890.0,0.37779283446297834
29920-TAM,Month-to-Month,1,102.7,7443.78,0.3774717581050681
26490-RAJ,One Year,25,97.05,6979.67,0.3774018885365275
14456-AND,Month-to-Month,4,74.8,3714.5,0.377334944850518
46868-RAJ,One Year,31,78.95,2767.56,0.37729782025207576
73187-AND,Month-to-Month,21,24.9,505.95,0.37721198411732204
36183-AND,Month-to-Month,23,65.5,642.99,0.37679360501664727
57171-PUN,One Year,31,104.35,7675.22,0.3764572307761623
94347-AND,Month-to-Month,33,108.25,7105.81,0.37632279340186287
12929-MAH,Month-to-Month,29,31.2,926.2,0.37624078526927596
39649-KAR,Month-to-Month,36,79.8,5844.03,0.37611318666370797
65753-JHA,Month-to-Month,2,54.15,1545.65,0.37578541939375276
49360-BIH,One Year,15,103.75,5330.0,0.37577273790076376
45004-KER,One Year,22,100.25,5741.01,0.3757431945590648
27382-UTT,One Year,11,106.8,5877.95,0.3755952471071284
21598-KAR,One Year,6,97.55,5836.26,0.37539815253511793
99032-KAR,Month-to-Month,7,93.6,4837.37,0.37534197455724194
48495-DEL,Month-to-Month,15,74.35,6759.7,0.3745167542875605
63064-WES,One Year,34,102.1,7332.58,0.37446433481459457
29736-WES,One Year,13,102.5,7310.8,0.37433237400397135
45106-TAM,One Year,30,101.15,8587.83,0.37423449901820904
32750-TEL,Month-to-Month,2,69.4,722.38,0.37378912470603354
98042-KAR,Month-to-Month,36,81.55,5738.2,0.37375801647962814
95913-BIH,Month-to-Month,16,54.75,682.29,0.3737347664764379
92576-PUN,Month-to-Month,30,105.25,6455.52,0.3735236522103768
67686-KAR,One Year,18,105.2,6006.34,0.3731114113890864
16837-UTT,Month-to-Month,18,35.5,632.7,0.37298410629826156
37950-MAD,Month-to-Month,29,0.0,1094.35,0.3727910847328074
97043-JAM,Month-to-Month,2,83.2,2467.59,0.3724590395890623
76261-TAM,Month-to-Month,10,50.85,579.91,0.3723733299839673
23533-GUJ,Month-to-Month,7,49.2,1701.65,0.3715607043515447
16325-HAR,Month-to-Month,24,30.05,1529.45,0.37150808610355845
28354-WES,One Year,25,109.55,3755.52,0.37115852297785024
17437-PUN,One Year,14,99.0,5026.11,0.3709758281704158
57502-KAR,Month-to-Month,4,50.65,1901.89,0.3709663485907706
85862-TAM,Month-to-Month,22,25.15,476.8,0.37086694017554456
19192-KAR,One Year,9,106.0,5100.47,0.37080245366330883
61181-BIH,Month-to-Month,24,44.8,398.45,0.3705121330120885
53348-HAR,One Year,13,110.8,7662.45,0.37044854037393143
18732-BIH,Month-to-Month,10,78.35,2539.15,0.3703511166542359
65679-ODI,One Year,4,90.45,3245.09,0.3701174228251369
17050-MAH,One Year,29,100.4,4792.37,0.370010970928184
65060-KAR,Month-to-Month,4,103.5,7777.45,0.3696286290449343
82992-JAM,One Year,19,89.1,4575.42,0.36959392375323397
71390-MAD,One Year,20,107.25,6841.38,0.3694263066837862
42150-BIH,Month-to-Month,10,52.1,919.86,0.36857661428564564
44641-TAM,Month-to-Month,27,106.6,7281.07,0.36786033558705183
87360-MAH,Month-to-Month,9,109.65,7134.3,0.36745142959795585
74757-MAH,One Year,8,75.2,1090.34,0.36715181883369014
86047-KAR,Month-to-Month,10,54.75,597.85,0.36710147520768877
48580-ODI,Month-to-Month,30,58.5,365.65,0.3669717431723942
91830-UTT,Month-to-Month,9,25.55,467.85,0.3667252908262593
39367-TEL,One Year,31,84.35,774.51,0.36656836676099513
87136-KAR,Month-to-Month,31,69.5,1419.18,0.3664787863363259
57724-MAH,Month-to-Month,7,56.3,686.38,0.3657074925096332
87884-KER,Month-to-Month,9,25.1,1097.15,0.3656368713510204
45763-MAH,Month-to-Month,13,105.05,9621.1,0.3653509492326831
75092-HAR,Month-to-Month,15,49.8,836.35,0.36483376871862977
41272-MAD,Month-to-Month,16,67.8,1023.95,0.36455624135371295
76956-BIH,Month-to-Month,33,68.25,867.74,0.3645317945273039
48381-ASS,Month-to-Month,15,93.35,6576.45,0.3644392534260314
34237-HAR,Month-to-Month,30,83.85,2402.81,0.36428906994197435
68060-KAR,Month-to-Month,8,51.25,1174.66,0.36374030756371883
77072-UTT,Month-to-Month,3,60.0,861.99,0.36351795514276747
58079-MAH,Month-to-Month,29,85.9,4594.11,0.36330012093735975
85255-PUN,Month-to-Month,25,45.9,875.43,0.3626751471201709
23057-TAM,Month-to-Month,11,56.0,1116.07,0.3625251605149967
33565-JAM,One Year,7,100.15,4770.3,0.3621854484636623
94717-KAR,Month-to-Month,5,36.25,374.0,0.36182404259331696
75914-MAH,Month-to-Month,34,46.0,627.2,0.3614853852655541
91712-ASS,One Year,6,105.85,6966.87,0.3611053606823895
11604-HAR,One Year,8,104.4,7614.4,0.36074724978969624
27001-KER,Month-to-Month,4,92.55,6068.94,0.36051791169946934
42421-KER,Month-to-Month,36,45.65,1400.46,0.3600680344611298
78389-KER,Month-to-Month,36,74.4,3232.17,0.3600377286377268
42706-MAD,Month-to-Month,11,50.3,1603.06,0.3599650567179878
66309-JAM,One Year,3,79.05,8487.64,0.3597385146557629
74762-MAD,One Year,4,105.2,6044.65,0.35959486685562386
79418-BIH,One Year,1,89.35,2388.33,0.3594207246421589
99120-MAD,Month-to-Month,9,107.5,10025.44,0.3593838079063001
91972-CHH,Month-to-Month,8,29.45,161.45,0.3591447761756818
73637-AND,One Year,10,101.75,8460.9,0.3591161536806733
82420-AND,Month-to-Month,28,95.65,5541.48,0.3590035267081318
87579-KAR,Month-to-Month,24,66.85,795.22,0.35793495910189715
54678-GUJ,One Year,8,107.45,6050.68,0.3578786323789419
13572-AND,Month-to-Month,17,44.95,1744.2,0.3578663535773215
58606-HAR,Month-to-Month,9,55.3,2112.9,0.3578182847682712
95868-AND,Month-to-Month,16,55.65,3555.75,0.3572616553804213
46512-ODI,One Year,21,100.0,4509.86,0.3572587670645778
84107-UTT,Month-to-Month,6,72.8,1109.06,0.3570620638595245
35614-HAR,Month-to-Month,1,86.65,3505.37,0.3568599116911294
97375-UTT,One Year,11,104.45,4565.9,0.35667487324812225
73435-MAD,One Year,13,94.0,5116.89,0.356446829759302
45727-TEL,Month-to-Month,15,50.9,2333.85,0.35639748164894663
19497-KAR,Month-to-Month,33,91.55,7874.57,0.3563922488224337
67218-HAR,Month-to-Month,18,50.1,1210.38,0.35626341900549646
88618-WES,One Year,30,91.35,8808.98,0.35624223635195995
58303-BIH,Month-to-Month,31,0.0,9822.7,0.35583631119979003
88914-PUN,Month-to-Month,9,55.5,1026.27,0.35553522582863084
38798-KER,Month-to-Month,25,34.3,1004.75,0.3553207673694253
15051-TAM,Month-to-Month,24,59.25,822.2,0.35488309490067715
84002-ODI,One Year,5,109.9,4524.65,0.35481204163034386
94042-UTT,One Year,20,83.25,325.48,0.354669903397176
24584-MAH,One Year,7,99.4,6362.75,0.3545750888162326
83137-KAR,Month-to-Month,8,88.6,3252.03,0.354342583858231
22249-UTT,One Year,7,99.95,3257.37,0.3543236526170909
18571-GUJ,Month-to-Month,27,45.25,419.3,0.3537972526297187
13038-WES,Month-to-Month,29,69.65,1439.54,0.35342879717677456
55433-TAM,Month-to-Month,20,69.5,1198.0,0.35334668277433967
91284-HAR,Month-to-Month,23,29.75,790.7,0.35333165720977044
51935-TAM,Month-to-Month,17,55.8,424.55,0.3533029374770354
35248-KAR,Month-to-Month,9,80.45,5197.59,0.3531424499561883
78306-HAR,One Year,21,108.45,8514.49,0.3529802586053932
34330-TAM,Month-to-Month,11,34.65,246.6,0.35291962832764195
83245-ASS,Month-to-Month,18,104.95,7609.55,0.35276222934488133
97882-AND,Month-to-Month,15,40.2,1478.85,0.3526525213092699
32236-KER,Month-to-Month,35,59.65,743.75,0.3520140971341404
22394-UTT,One Year,11,95.2,5626.71,0.35187789580660556
84937-PUN,One Year,32,100.5,7689.8,0.3513875473212148
68195-WES,One Year,1,100.3,7240.6,0.3512940073221262
17736-HAR,One Year,4,105.9,9433.61,0.35122925247696857
29105-TEL,Month-to-Month,10,95.0,2938.5,0.35094484860540265
18618-TAM,Month-to-Month,27,59.5,882.76,0.3507329158684306
95809-KAR,Month-to-Month,12,43.9,488.68,0.35066332796610006
68410-UTT,One Year,4,80.9,7143.58,0.3506170675166878
48067-MAH,Month-to-Month,26,62.25,689.45,0.35056851250319915
56878-MAD,Month-to-Month,13,103.05,7737.78,0.35054956028380674
86841-TAM,Month-to-Month,3,63.05,1760.73,0.350446372166735
52352-MAH,Month-to-Month,31,116.5,7994.05,0.35004108098396736
69874-KER,Month-to-Month,11,87.6,4062.77,0.34981385554853467
46345-AND,Month-to-Month,14,50.6,1653.45,0.34952552143252785
12378-KAR,One Year,20,91.25,2866.97,0.34940734257777795
23224-MAD,Month-to-Month,21,43.85,2781.0,0.3492618121787455
52731-TAM,Month-to-Month,29,90.05,5934.95,0.34905519503804827
39398-TAM,Month-to-Month,28,0.0,6191.88,0.34870277909036396
23283-TAM,Month-to-Month,27,54.6,1486.19,0.3484939648757218
35498-MAH,One Year,23,104.4,6272.4,0.3484309406727671
37703-MAH,One Year,5,107.75,9041.35,0.348282775651033
22456-WES,One Year,33,100.55,8141.35,0.34779331347237186
94309-AND,One Year,12,104.15,9162.09,0.3471662383021625
48171-GUJ,Month-to-Month,22,94.4,5793.9,0.34711219762810025
96085-RAJ,One Year,1,105.05,8488.2,0.3469742446951288
92252-AND,One Year,21,94.75,6647.25,0.346906524047634
21555-JHA,Month-to-Month,34,64.5,1967.65,0.34690637297585414
52609-BIH,Month-to-Month,14,55.75,421.55,0.34664302569024824
59190-MAD,Month-to-Month,32,66.1,2430.38,0.3465228263522913
59818-TEL,Month-to-Month,26,78.75,1544.55,0.34644716098595474
77963-UTT,Month-to-Month,36,93.85,7074.43,0.3462858921503388
35143-MAH,One Year,19,80.25,368.7,0.34614055173400143
83613-RAJ,One Year,13,51.0,1593.68,0.34559262381082034
58765-HAR,Month-to-Month,1,35.65,425.1,0.3454016999353817
19496-MAD,One Year,18,84.45,6169.39,0.34492368196668627
82065-GUJ,One Year,32,104.6,8503.11,0.34467506384539687
64512-UTT,Month-to-Month,7,89.4,6776.78,0.3446027860594193
36759-KAR,Month-to-Month,27,35.0,185.75,0.34447710289777433
66609-RAJ,Month-to-Month,27,55.3,711.44,0.34409270032213085
74510-KER,One Year,19,94.3,6994.64,0.3436486751704981
11958-TAM,Month-to-Month,23,108.45,5233.35,0.3434557012948649
69201-MAD,Month-to-Month,2,106.9,4785.13,0.3434084983502811
38158-HAR,One Year,15,101.35,10642.35,0.34321943455801074
17000-ODI,Month-to-Month,11,95.3,7177.7,0.34316709655399136
28999-TAM,Month-to-Month,16,87.65,3066.93,0.3430663841611019
43410-MAD,Month-to-Month,6,80.65,7398.21,0.34279129891659665
61912-KER,One Year,16,78.95,2662.67,0.3427889247839357
88255-MAH,Month-to-Month,28,33.75,1009.25,0.3420783512395278
62480-MAH,Month-to-Month,25,48.85,1212.0,0.34203492624707477
33439-RAJ,One Year,32,103.7,4845.75,0.34180763658968966
66642-WES,Month-to-Month,3,73.65,1976.94,0.3414323088716394
81512-TAM,Month-to-Month,16,100.05,4845.51,0.3409697474972131
85604-JHA,One Year,15,95.5,8033.05,0.3409446503010085
23745-DEL,One Year,22,105.6,7910.12,0.3409250691699801
82511-RAJ,Month-to-Month,23,30.4,1621.35,0.33999314619789367
55939-AND,Month-to-Month,23,75.7,667.59,0.3399417031658531
43444-KER,One Year,31,69.35,389.4,0.339498060724388
95529-TAM,One Year,36,110.5,6189.54,0.339402259676304
76019-TEL,Month-to-Month,28,91.8,8173.62,0.33916043355263964
84201-PUN,Month-to-Month,36,63.15,1326.4,0.33881423022785817
57324-ODI,Month-to-Month,17,53.75,670.25,0.33861069807187183
14570-KAR,One Year,27,108.25,7510.4,0.33844610558168514
38211-WES,Month-to-Month,13,35.05,1620.25,0.3382746049032298
67420-MAD,Month-to-Month,34,35.75,389.8,0.3382314267396716
73936-WES,Month-to-Month,22,34.95,610.2,0.33797848692678123
62164-TAM,One Year,7,108.1,7474.22,0.3379336452430545
37577-PUN,Month-to-Month,6,66.4,1864.41,0.3377147047732611
32247-UTT,Month-to-Month,6,51.65,1014.9,0.3374510136065596
58849-TAM,Month-to-Month,3,39.9,2020.9,0.3371963341363609
39308-MAD,One Year,5,100.3,5659.93,0.3368948772992509
66982-DEL,One Year,32,100.9,8837.62,0.3367483527690175
19795-MAH,Month-to-Month,1,80.75,5624.46,0.3367321158707467
72546-TAM,Month-to-Month,8,29.8,776.22,0.33667164405140076
62597-AND,One Year,25,85.9,3330.07,0.3366478980508437
15681-MAH,One Year,26,85.05,3893.9,0.33653016932374574
45265-PUD,Month-to-Month,26,55.55,608.7,0.33650961652762235
61819-HAR,Month-to-Month,1,44.35,1594.61,0.33633453519396656
68242-PUN,One Year,29,105.4,9601.11,0.33600302023645323
85356-JAM,One Year,26,87.55,5208.77,0.3353022202958527
83708-DEL,Month-to-Month,11,35.65,646.05,0.3349791251409163
83612-MAH,Month-to-Month,25,51.8,1102.65,0.3347301167905332
72936-UTT,One Year,14,112.2,6324.25,0.33438895361634785
23791-RAJ,Month-to-Month,8,89.15,5982.05,0.33432896511423854
74913-MAD,Month-to-Month,6,48.8,594.05,0.3342136228327146
18440-HAR,One Year,20,105.05,7966.41,0.3340352495785605
77708-PUN,Month-to-Month,1,49.55,2443.77,0.33377150125890637
61270-KER,Month-to-Month,3,105.4,8275.19,0.33374846914578976
21368-AND,One Year,2,106.6,8500.28,0.33357815327818374
62961-TEL,Month-to-Month,24,103.1,9442.24,0.3335207857316835
84199-MAH,Month-to-Month,11,51.1,1846.92,0.33279862609956123
89370-TAM,One Year,5,70.65,4149.85,0.33238891059692105
28117-UTT,One Year,23,86.45,3990.95,0.33204741177618136
19489-UTT,One Year,12,88.9,8107.48,0.33199649756182464
93621-GUJ,Month-to-Month,36,89.2,6386.32,0.33196568946135907
14986-PUN,Month-to-Month,5,49.05,1101.09,0.3317094360062773
65794-TAM,One Year,29,79.15,3593.87,0.33145808450853553
23376-TAM,One Year,16,104.8,10067.14,0.33132509824787
82439-KAR,One Year,28,80.7,2044.0,0.3311977185024576
88244-ODI,Month-to-Month,25,40.65,2070.75,0.33101389884858173
48041-PUN,Month-to-Month,30,88.8,2319.3,0.3309945422412282
44152-PUN,One Year,16,89.85,7014.97,0.33061544133653686
21792-PUN,One Year,8,82.85,2772.44,0.3305446631111305
49033-JAM,Month-to-Month,8,81.9,2325.67,0.3305387013721668
52683-GUJ,One Year,2,104.0,9150.54,0.33029062989383506
58051-BIH,One Year,13,99.8,7888.17,0.33025813702006296
97280-PUD,One Year,22,94.35,5693.76,0.3296976933626783
31820-ODI,Two Year,13,74.45,311.61,0.32969176493108593
86082-WES,Month-to-Month,28,54.5,908.0,0.3296050148118025
36927-HAR,Month-to-Month,15,76.2,1134.72,0.3295643088288673
65507-MAH,Month-to-Month,11,100.3,5208.62,0.32935453745531024
21617-PUD,One Year,29,70.4,2354.52,0.32912398981049856
63831-JAM,Two Year,21,94.65,6561.4,0.32888503265813906
46424-AND,Month-to-Month,10,40.15,1626.05,0.32888066137789357
93332-PUN,One Year,23,74.65,1520.31,0.32879069285956825
53706-KER,Month-to-Month,16,49.3,1348.93,0.32875990054046866
28977-KAR,Month-to-Month,25,53.6,1459.83,0.3287570489614671
33538-GUJ,Month-to-Month,5,39.2,1838.15,0.3285272403050237
84122-UTT,Month-to-Month,4,71.6,2462.95,0.32835189304405854
74506-HAR,One Year,14,103.15,9635.0,0.3282701581833819
86539-KAR,One Year,17,103.95,6395.3,0.3280801109709146
13305-WES,One Year,21,108.1,7639.99,0.32756650409904176
53269-GUJ,Month-to-Month,9,85.8,5310.54,0.3272330745802291
53028-RAJ,One Year,36,94.75,7224.85,0.3271374697190314
96870-GUJ,Month-to-Month,36,64.4,403.75,0.32706563414702383
99125-UTT,One Year,6,105.2,8685.15,0.32671812204253015
84726-BIH,One Year,4,88.4,8317.5,0.32662457470943995
46048-ODI,One Year,32,105.55,9557.15,0.32590894408996834
62145-UTT,Month-to-Month,10,105.1,6967.55,0.32588579798588996
33119-KAR,Month-to-Month,36,60.2,761.2,0.3246409884544463
78738-TAM,One Year,11,99.15,7615.81,0.3245337502284913
14244-MAD,Month-to-Month,21,80.3,6125.79,0.32448905864151184
41636-TAM,One Year,25,93.45,6904.75,0.32440624929811207
36043-TAM,One Year,23,0.0,1042.04,0.324360943415526
46580-GUJ,Month-to-Month,2,109.85,8200.58,0.3240383450443565
95349-HAR,One Year,9,85.85,3503.95,0.32382257903736683
83600-MAH,One Year,1,110.65,8727.75,0.32367659724485437
11952-RAJ,Month-to-Month,10,71.35,865.61,0.3234955394241843
29016-PUN,One Year,12,107.75,9108.3,0.3229203443380303
83090-AND,One Year,19,86.9,6995.81,0.32245386221595534
72939-GUJ,Month-to-Month,32,59.55,1369.75,0.32240844756359455
13819-TAM,One Year,21,85.15,1170.69,0.32238882785863454
64904-TAM,One Year,19,89.85,6625.48,0.32223151977796893
91532-GUJ,One Year,3,90.35,5084.26,0.32219690262241646
64508-MAD,Month-to-Month,13,48.8,963.16,0.32199975836767175
24004-KAR,One Year,33,100.3,10211.03,0.3218236800862255
62603-TEL,Month-to-Month,35,34.2,256.6,0.3216022119455771
27791-BIH,Month-to-Month,20,55.8,480.8,0.32144306318997723
62274-RAJ,One Year,27,94.3,4150.52,0.3213858122068523
98203-MAH,Month-to-Month,33,109.55,8813.55,0.32136190986692736
57886-CHH,Month-to-Month,12,54.2,978.38,0.3212757470391118
76184-CHH,One Year,18,83.15,3027.85,0.3210219063538878
99846-MAH,Month-to-Month,18,49.5,1840.49,0.3208639241217655
55542-WES,One Year,4,111.8,8026.21,0.32067407880079746
15302-TAM,Month-to-Month,33,50.95,307.6,0.3204681108351726
54976-KER,Month-to-Month,34,81.25,617.86,0.32031407549878393
83153-KER,One Year,32,84.7,422.4,0.3202917217048845
76618-RAJ,Month-to-Month,4,29.45,1459.35,0.3202347959377236
71055-GUJ,One Year,17,55.45,2966.95,0.3198803100937396
64131-MAH,One Year,6,111.55,7725.67,0.3198002968248609
94918-MAD,Month-to-Month,22,110.1,4929.1,0.31937281384159727
55512-UTT,Month-to-Month,8,81.0,3020.17,0.31933564346640075
26724-PUN,One Year,26,92.85,8378.83,0.3192556547929748
85356-KAR,One Year,22,101.05,9124.66,0.3192014639676139
76335-WES,One Year,16,105.95,5004.4,0.3190709144933674
93819-ODI,One Year,15,90.1,3585.57,0.3188050807812742
42945-JAM,Month-to-Month,12,59.95,1603.86,0.3188016789206651
58331-GUJ,One Year,8,104.3,5433.54,0.3184764495914507
91868-AND,Month-to-Month,21,74.55,3570.15,0.3179965337524658
64635-UTT,Month-to-Month,3,51.0,486.95,0.3174850783845069
65751-HAR,Month-to-Month,1,74.8,5500.54,0.31712665521915767
57339-JHA,Month-to-Month,26,105.35,7921.89,0.3167820261751905
61933-WES,One Year,2,97.25,7941.66,0.31636309614938224
61871-MAD,Month-to-Month,27,68.9,1825.35,0.3159488652942898
32634-UTT,One Year,1,99.7,6713.84,0.31567691285052524
41525-UTT,Month-to-Month,35,54.4,2367.74,0.31532515763766483
86649-BIH,Month-to-Month,33,80.1,2406.97,0.3147154518055162
34397-GUJ,Month-to-Month,14,50.95,605.75,0.31467336100265936
55858-BIH,One Year,13,91.3,4675.13,0.3145841652697033
36279-TAM,One Year,15,51.35,2155.1,0.31420586889983004
73850-HAR,One Year,15,110.75,10016.95,0.3138013993438957
54105-MAH,Month-to-Month,7,66.65,767.35,0.31370768156334833
45392-GUJ,One Year,29,89.6,2259.04,0.3135077359065897
29224-TEL,Month-to-Month,32,69.4,3758.44,0.31346049074986776
69435-MAD,One Year,6,79.2,5682.4,0.3133893495519116
21479-PUN,One Year,16,35.9,1013.65,0.3133186000873824
88115-MAD,Month-to-Month,23,35.8,363.15,0.3131636962497157
39946-ASS,One Year,26,0.0,2957.32,0.31271871043814364
33334-HAR,Month-to-Month,11,29.3,1224.05,0.3120075293919281
79581-JAM,One Year,10,99.75,6758.08,0.3106469148148288
39068-RAJ,One Year,21,100.75,6197.04,0.3102523284722244
71910-WES,Month-to-Month,11,55.3,1320.54,0.3102228142028919
28527-UTT,Month-to-Month,26,66.7,1584.84,0.31012295701174886
89793-TAM,Month-to-Month,16,48.8,1030.22,0.3100597943852086
27948-CHH,One Year,17,0.0,7037.75,0.3097526376989689
58935-KAR,One Year,6,91.15,7248.04,0.3097147373724507
72125-TAM,One Year,13,93.65,4951.86,0.30945626435188905
18670-CHH,One Year,2,105.7,9538.96,0.3087332042753375
63830-TEL,One Year,24,98.0,7370.6,0.30864563781745163
71923-UTT,One Year,25,75.4,2128.81,0.3085323019330154
27121-AND,One Year,9,101.9,5990.0,0.30843099089029236
79733-UTT,Month-to-Month,21,66.05,842.82,0.30841426156555607
52281-MAH,Month-to-Month,19,86.1,3879.74,0.30803152243436815
84034-UTT,Month-to-Month,3,73.35,1415.4,0.30800959597552624
72262-TEL,One Year,2,101.6,4534.48,0.3078644118934999
97751-PUN,Month-to-Month,10,40.6,1494.5,0.3075823704723209
63957-BIH,Month-to-Month,22,83.25,1796.37,0.30743752310652717
92473-MAH,One Year,16,90.65,7857.14,0.3074003076459464
99522-ASS,Month-to-Month,10,33.6,2227.2,0.3073096157836189
74879-UTT,Month-to-Month,30,51.1,1325.52,0.3070515177962584
74512-ASS,One Year,16,109.2,5523.69,0.306886217936828
35739-TEL,One Year,25,100.05,7150.23,0.30668524222884996
86924-TAM,Month-to-Month,7,59.8,1288.55,0.3064263656209103
73156-RAJ,One Year,29,89.2,4987.65,0.30642444173847566
68490-DEL,Month-to-Month,25,84.8,4523.55,0.30618221699248377
83804-MAD,Month-to-Month,13,86.4,7002.8,0.3058274580541552
17799-UTT,One Year,10,100.55,9108.9,0.3055947571428096
49740-AND,Month-to-Month,28,49.2,1635.75,0.30555636680786635
53239-JAM,Month-to-Month,20,87.55,6494.41,0.3054500549831125
13208-HAR,One Year,20,90.25,4379.69,0.3054377382668912
54312-ODI,Month-to-Month,1,50.7,529.83,0.30524606457902387
97589-MAH,Month-to-Month,21,96.75,4928.85,0.3052114401775215
88938-UTT,One Year,27,94.4,5422.59,0.3052020986749454
85635-TAM,Month-to-Month,1,59.45,3530.94,0.30509902809271355
46857-AND,One Year,6,95.0,3755.7,0.30498116032045997
64615-JAM,One Year,3,106.4,8916.04,0.30461305291156743
19200-TAM,Month-to-Month,30,48.8,1118.2,0.3044286828506618
85113-TAM,Month-to-Month,2,59.05,2773.12,0.30442146096622824
54793-KER,Month-to-Month,1,76.5,1752.15,0.30442064954356723
49502-TAM,Month-to-Month,29,40.7,449.3,0.3041138874362636
96692-WES,Month-to-Month,6,48.95,1615.44,0.30400705907261494
87869-PUN,Month-to-Month,20,69.2,986.09,0.3035746792787459
71291-DEL,One Year,3,104.85,7722.78,0.30351366842978766
98128-JAM,One Year,16,86.75,2255.32,0.30311177970625675
11799-MAH,Month-to-Month,23,99.4,6867.8,0.30306108454993036
77411-WES,One Year,36,99.1,4234.02,0.3030346333508978
12052-PUN,One Year,31,115.0,10368.31,0.30294268464529195
68702-MAH,Month-to-Month,36,94.1,6408.3,0.30239795496898053
39182-TAM,One Year,4,100.55,4378.13,0.3023369134671487
55275-MAH,Month-to-Month,29,56.25,1608.25,0.30221854239350565
23294-TAM,One Year,28,114.65,6665.1,0.30210367535720867
11410-AND,One Year,4,101.55,6287.56,0.3018992420455142
95032-HAR,One Year,34,103.3,7618.18,0.3018402173280894
27087-AND,One Year,3,98.3,6200.14,0.3017883180549602
81582-UTT,One Year,1,59.1,417.06,0.30165003614128905
89798-UTT,Month-to-Month,8,36.0,780.15,0.30154575152554464
96991-UTT,One Year,17,106.85,8342.6,0.30143417927892924
36502-TEL,Month-to-Month,33,19.4,232.98,0.30135955391774566
72068-TAM,One Year,8,108.5,10771.48,0.3013354243739965
96240-UTT,Month-to-Month,24,59.65,1199.85,0.30124959487831166
67564-MAH,One Year,17,89.7,3219.15,0.3011402602483079
83961-MAD,Month-to-Month,22,44.85,1442.6,0.30101931087614703
42869-JHA,One Year,25,111.45,9786.63,0.30010996520073574
78842-AND,One Year,10,106.15,7732.0,0.2998852963341369
57530-KAR,One Year,29,79.25,3981.71,0.29975662741211917
12852-KER,One Year,12,104.45,8848.28,0.2993188666816614
82859-TEL,One Year,30,97.75,6789.02,0.29925521270401123
96476-UTT,Month-to-Month,14,50.0,1254.64,0.29867576177410543
77495-PUN,One Year,16,108.75,10798.1,0.2986734953839256
83633-UTT,One Year,27,105.75,9016.65,0.29838452372211405
61298-TAM,One Year,20,50.75,655.65,0.29827675388070496
79499-UTT,One Year,4,113.3,6541.55,0.29820425381031246
36521-TAM,One Year,24,105.75,5116.55,0.2980621560750497
46180-KER,One Year,4,106.05,6197.32,0.29793762105094707
85560-KAR,Month-to-Month,14,33.6,550.35,0.29766287474483805
85790-UTT,One Year,21,106.1,8688.74,0.29753904714323004
96058-UTT,One Year,14,78.85,1177.83,0.29716226225021486
39438-PUN,Month-to-Month,13,81.05,8302.71,0.297133017158803
33081-KER,One Year,28,86.1,5687.51,0.2969274106000209
76353-HAR,One Year,36,100.35,6011.12,0.2964591561499812
29435-DEL,Month-to-Month,36,69.45,2671.49,0.2963915654854747
57276-ASS,Month-to-Month,36,33.45,1205.85,0.2962819910204253
85989-TAM,Month-to-Month,18,51.2,953.85,0.2962688564460627
21630-UTT,Month-to-Month,6,90.55,3624.77,0.29624120157569434
85386-UTT,One Year,15,87.7,2545.04,0.2956942217546702
54147-AND,One Year,30,109.4,8221.95,0.29549588772973484
36631-JHA,One Year,22,64.75,1050.51,0.2951149066198036
97212-UTT,One Year,16,105.2,10461.38,0.2947277571602814
87241-WES,Month-to-Month,10,109.6,6733.64,0.29457210345235463
21645-RAJ,Month-to-Month,31,55.95,1415.26,0.2943197404042703
68626-UTT,One Year,7,105.6,7978.25,0.29430170951640316
78828-AND,Month-to-Month,33,59.45,2528.03,0.29414010252439016
51822-ODI,One Year,8,105.0,9578.93,0.2941023726699817
73236-AND,Month-to-Month,22,54.3,1236.06,0.2940325550928678
52439-GUJ,Month-to-Month,14,53.75,3196.0,0.29400858355494497
92334-BIH,Month-to-Month,12,34.85,1267.2,0.2939777333517211
98405-TEL,Month-to-Month,7,58.95,1413.25,0.29382990692926136
72780-AND,One Year,31,99.0,4568.09,0.2936700116059289
68783-JAM,One Year,23,105.75,7815.95,0.2934078787594992
32419-DEL,One Year,36,103.05,7527.5,0.29334429619364455
65744-MAH,One Year,29,98.7,4632.9,0.2933357359126388
59590-JHA,One Year,6,79.95,4080.42,0.2931916936823267
25547-MAH,Month-to-Month,30,65.35,1763.76,0.29286484543082975
44423-BIH,Month-to-Month,4,69.0,1167.66,0.2927962349918597
36361-MAD,Month-to-Month,35,65.8,1680.86,0.29258953896291756
79725-UTT,Month-to-Month,33,89.8,6134.18,0.29236125267473856
39953-JHA,Month-to-Month,30,50.35,2061.12,0.2919663505921386
21343-MAD,One Year,17,95.85,6592.17,0.29194951083237675
31137-DEL,One Year,13,89.7,7421.99,0.2918622909086548
17814-TAM,One Year,14,110.05,7029.35,0.29149622519141394
49293-BIH,One Year,6,81.15,3765.29,0.2914458533281173
56942-HAR,Month-to-Month,13,54.65,792.49,0.29140415827674676
94028-TEL,One Year,12,54.6,630.61,0.2909122102718603
46541-TAM,One Year,7,33.6,435.45,0.2907101129533611
79321-MAH,One Year,8,91.2,4838.92,0.2907063731218425
62244-HAR,Month-to-Month,7,81.75,2658.8,0.2906957930393041
25962-TEL,One Year,1,100.75,8759.85,0.29067735752459695
76124-JHA,One Year,15,100.2,2991.89,0.29055359948417825
97497-KAR,One Year,33,95.4,6137.8,0.2904754594274331
71215-UTT,One Year,7,50.05,2743.45,0.2903348840752028
52355-MAH,Month-to-Month,24,107.7,8953.58,0.2903164445268694
69805-JAM,Two Year,20,105.0,8849.56,0.29031303436064665
91289-TEL,Month-to-Month,30,54.25,2116.94,0.29020117772330556
95910-TAM,One Year,25,109.8,7049.35,0.29011706073692695
29978-DEL,One Year,21,95.0,5934.1,0.2900987828406505
24823-TAM,Month-to-Month,6,90.7,6758.25,0.2899414753456681
74169-BIH,One Year,9,75.35,2348.67,0.28945514921879967
93149-BIH,One Year,16,54.25,1067.62,0.28934029462156385
94766-GUJ,Month-to-Month,11,50.45,1454.53,0.28853179514052324
39815-WES,One Year,34,110.8,5098.5,0.2883775854593507
83489-CHH,One Year,13,49.05,2265.0,0.2875283764767779
35529-DEL,One Year,27,95.65,9978.23,0.28748093968285865
27709-WES,Month-to-Month,7,94.15,6813.38,0.2869641363930918
83916-ASS,One Year,15,96.75,4513.4,0.2869631995455802
75018-PUN,Month-to-Month,22,54.7,2055.01,0.28681769203900825
81612-UTT,Month-to-Month,5,46.3,2546.85,0.28674602728627135
76475-PUN,Month-to-Month,7,35.75,1022.5,0.2866678920791007
39566-DEL,One Year,17,95.0,5554.41,0.2865661970667201
49036-KER,Month-to-Month,10,54.95,787.35,0.28640323708970267
31513-WES,One Year,9,82.65,1488.07,0.28622269736334016
25021-UTT,Two Year,34,85.55,500.4,0.28616620762826955
76446-UTT,Month-to-Month,9,67.25,1381.9,0.28606178124852316
37374-TAM,One Year,7,90.15,4029.46,0.28590732094586774
45442-RAJ,Month-to-Month,10,75.95,3740.0,0.2853682795386524
53329-JAM,One Year,2,35.5,249.55,0.28525252571755844
49591-MAD,One Year,11,100.7,7222.51,0.2851673591075679
11263-HAR,One Year,31,99.65,6401.29,0.2848647225656122
73945-TAM,One Year,18,104.95,9961.84,0.2847193053617371
39868-JAM,One Year,25,93.65,6254.94,0.28437331448975073
74563-PUN,One Year,36,93.25,6955.35,0.2843561394316802
52325-KAR,Month-to-Month,30,45.45,1988.97,0.2840613326342467
75155-AND,One Year,30,78.95,3382.01,0.2836717156482466
26974-WES,One Year,17,82.15,6524.4,0.2833487692638144
13038-ODI,One Year,5,96.1,5124.18,0.28333469090437274
59873-BIH,One Year,23,81.85,1941.95,0.2832113385866914
67703-MAH,One Year,27,92.9,3533.87,0.28320521659927483
75973-KAR,One Year,9,104.1,7723.94,0.283109747358502
15728-MAH,One Year,30,54.0,2434.78,0.28264815190681464
29494-MAD,One Year,21,85.25,5985.23,0.28261908459568397
34103-ODI,Month-to-Month,22,64.8,1930.8,0.28227909520232325
82030-ASS,One Year,5,115.6,8791.39,0.28223235030459276
42478-PUN,Month-to-Month,10,58.75,3437.45,0.28222639186811044
36500-WES,Month-to-Month,8,44.4,696.0,0.2820621931180954
32802-WES,One Year,5,54.05,2999.8,0.2818665019870496
18570-HAR,One Year,30,110.5,8778.78,0.28152321521093543
27924-KAR,Month-to-Month,5,61.55,1976.51,0.2807054007732812
46809-TAM,One Year,5,108.5,7137.49,0.2805170517327148
19285-UTT,Month-to-Month,19,43.55,1011.5,0.28049759462983587
88282-CHH,Month-to-Month,36,96.95,6749.32,0.28040815308200395
25837-JAM,One Year,23,54.1,1044.52,0.2802197010790561
14087-UTT,One Year,17,89.0,1267.66,0.27977804154057606
69302-AND,Month-to-Month,15,49.9,2782.4,0.2797506161529066
76684-JAM,Month-to-Month,3,85.7,6038.62,0.27938972857041144
32883-MAD,Month-to-Month,5,57.65,1307.88,0.2790576751047422
55650-BIH,Month-to-Month,36,60.2,1875.04,0.2788611299168202
48470-GUJ,One Year,29,109.4,7464.36,0.27874716019092155
66144-AND,One Year,31,0.0,3911.52,0.27867172866696405
67521-WES,Month-to-Month,12,45.65,1396.02,0.27858404643777884
73151-JAM,Two Year,13,79.5,4220.84,0.27843133802930403
77144-TAM,Month-to-Month,12,44.45,1183.8,0.27802958682089235
11918-UTT,One Year,32,94.55,4080.8,0.2779465626158939
27244-JAM,One Year,22,94.3,2469.1,0.2778222184708856
64819-UTT,One Year,31,74.25,7356.69,0.27765937267657426
35389-JAM,Month-to-Month,4,25.0,766.8,0.2773108206074608
12426-KER,One Year,30,90.45,6505.73,0.2767434207316562
87814-PUN,One Year,25,94.65,4778.48,0.27671473876704233
65877-BIH,Month-to-Month,6,93.5,6789.0,0.2766132851940306
31016-KER,One Year,5,104.5,5210.64,0.27622432830480176
18430-MAH,One Year,3,77.2,2937.06,0.27579780648221636
77919-MAH,Month-to-Month,33,64.4,1650.6,0.27570973917260405
55169-TAM,Month-to-Month,31,60.6,1353.81,0.275661516575224
13443-HAR,Month-to-Month,2,20.7,349.36,0.2754374336816298
95603-GUJ,Month-to-Month,4,66.6,1289.46,0.27502130868444263
46794-MAH,One Year,15,49.45,1031.4,0.27475658098653233
58276-MAH,One Year,4,19.45,122.92,0.2744943175207501
67022-GUJ,One Year,21,98.05,4213.29,0.2744434695506598
18365-KER,One Year,14,79.2,1409.65,0.27380771179513647
92566-WES,One Year,30,94.7,7688.53,0.27378141033745307
58317-MAD,One Year,33,80.85,4445.63,0.27364232857351456
11244-JAM,One Year,9,76.0,1957.25,0.27308108386587565
96956-MAH,One Year,22,39.1,1096.6,0.2730688899466463
75084-UTT,One Year,5,105.75,7926.34,0.27296294840051466
95624-KAR,One Year,34,70.0,2634.12,0.27276545053279744
97731-TEL,Month-to-Month,12,54.2,2764.24,0.27274464402907217
24256-PUN,One Year,3,78.9,5507.79,0.2724439206781459
91563-RAJ,One Year,25,45.0,2689.35,0.271798958761854
34547-WES,Month-to-Month,22,34.0,442.45,0.2717730782332389
68623-TAM,One Year,5,48.95,1178.85,0.27169487118520913
29834-RAJ,One Year,23,94.9,5416.85,0.27164001773187424
73204-AND,One Year,25,95.0,8782.0,0.2713193627053764
14495-AND,Month-to-Month,16,54.8,852.94,0.2711987319720617
79921-GUJ,Month-to-Month,12,41.1,1597.05,0.27106139229347137
35445-MAH,Month-to-Month,2,44.95,3085.35,0.2706504265229033
53321-KAR,Month-to-Month,25,0.0,1917.06,0.2705532952433249
46106-UTT,Month-to-Month,5,59.85,4218.96,0.2696817519182503
38244-JAM,Month-to-Month,33,50.0,1996.44,0.26792931864402336
69408-AND,One Year,5,103.0,6953.23,0.26787248538442465
36216-PUD,Month-to-Month,18,56.1,1734.62,0.2678496651692252
84271-TEL,Month-to-Month,24,84.05,5988.72,0.26776290119730867
83883-ODI,One Year,2,39.1,1309.0,0.26743766134083274
15358-WES,One Year,3,54.3,2327.1,0.267399853699416
69443-TEL,One Year,29,109.8,8224.21,0.2672339230433273
89527-GUJ,One Year,21,0.0,4196.65,0.2670930723964903
61037-KAR,One Year,17,101.4,9111.8,0.2670776652157129
93203-PUN,Month-to-Month,29,67.8,1212.1,0.2667906019709397
67955-PUN,One Year,6,70.95,6411.97,0.2664275833269465
82321-PUN,Month-to-Month,32,86.2,4757.87,0.26641196315485244
32061-WES,One Year,21,96.4,6696.05,0.2663945149710447
51049-KER,Month-to-Month,14,45.55,2062.15,0.2659064722011648
17180-UTT,Month-to-Month,9,45.55,2108.35,0.26587740987594505
53018-JAM,One Year,32,85.5,7714.16,0.2658435452686254
56211-DEL,One Year,3,109.15,8642.8,0.2657456812757156
75790-MAH,Two Year,35,107.6,9059.14,0.2652202541522541
59829-UTT,One Year,34,0.0,2217.44,0.2649306073067494
59724-JHA,Month-to-Month,33,75.9,1527.98,0.26492397097188153
46585-JAM,Month-to-Month,26,94.2,7954.2,0.2647746673031141
29990-BIH,One Year,8,94.1,7845.28,0.2647015392411369
12927-JAM,Month-to-Month,12,44.0,1005.54,0.2645669549460054
28710-WES,Month-to-Month,25,50.55,1052.1,0.2645185293839359
12193-KER,One Year,4,109.15,8945.48,0.26422965590862774
51778-TAM,One Year,7,108.15,8334.45,0.2639643796324434
64617-TAM,Month-to-Month,24,66.4,1224.22,0.2637984512256272
78356-KER,One Year,28,93.55,4525.32,0.26364287636471107
66215-ASS,One Year,16,60.7,2042.52,0.26337408484702207
58784-JAM,One Year,6,86.2,3881.48,0.26331407489226677
76357-PUN,Month-to-Month,16,60.6,1990.92,0.2632930005013285
67441-RAJ,Month-to-Month,16,30.1,810.85,0.26316946826553717
77467-GUJ,Month-to-Month,13,44.9,1495.34,0.2630700029770265
68758-HAR,One Year,14,80.05,3374.67,0.2627331386284911
85907-BIH,Two Year,4,72.75,460.43,0.2626542967934535
43549-JHA,One Year,33,104.65,8550.6,0.2625885877657519
14356-DEL,One Year,19,97.95,6643.97,0.2623569273147352
88042-CHH,Month-to-Month,4,0.0,955.62,0.26217722994959125
43189-TAM,One Year,36,79.6,5228.89,0.2620712192003084
92605-PUN,One Year,29,86.05,5937.36,0.2620005299677117
91510-GUJ,Month-to-Month,2,19.0,106.97,0.261673457285097
75014-MAH,One Year,22,107.05,9719.99,0.26145396637618085
82213-AND,Month-to-Month,31,20.15,172.08,0.2613086318631086
41244-JAM,One Year,8,75.4,4406.25,0.2610571423464982
41402-PUN,One Year,35,106.05,7636.6,0.2610300042796291
47070-TAM,One Year,35,104.45,7509.25,0.2607522671726251
79112-MAD,One Year,3,98.45,8680.97,0.26065630150001035
83192-TAM,Month-to-Month,22,64.65,4726.65,0.26043189449335374
85992-MAD,Two Year,33,99.5,8286.06,0.2603082523445247
22700-UTT,Month-to-Month,1,29.5,1423.05,0.26025753989165573
77597-DEL,Month-to-Month,29,66.4,2804.1,0.2600921440014465
57465-TAM,One Year,2,89.55,5583.77,0.25981699758761756
78063-TAM,Month-to-Month,10,54.75,2442.74,0.25947074242088614
11991-RAJ,One Year,15,113.35,7679.87,0.2593877823896207
43447-KAR,One Year,15,64.85,2507.59,0.25921335602798395
74073-KAR,Month-to-Month,4,39.45,2021.35,0.25918815713427
79308-AND,One Year,34,44.05,3011.65,0.25885066723448585
91952-TEL,Month-to-Month,2,60.9,688.12,0.2583308831185195
17309-HAR,Month-to-Month,25,55.55,1695.3,0.2582831856837362
82990-JAM,One Year,34,104.3,9400.55,0.25821214109571183
57055-AND,One Year,30,75.55,3932.15,0.2581626616919214
31080-UTT,One Year,32,109.7,8531.69,0.25803965594019945
39350-BIH,One Year,28,35.75,2642.25,0.2578495556056356
22899-KAR,Month-to-Month,14,64.95,795.57,0.2577994047712633
48835-GUJ,Month-to-Month,5,70.5,1353.01,0.25764453775857055
92738-KER,One Year,10,95.15,5939.47,0.2571650082742261
92705-UTT,Month-to-Month,29,65.75,1917.85,0.2571323236091489
19577-PUN,Month-to-Month,36,73.05,2567.97,0.2569970691362127
92854-TEL,One Year,1,90.95,4574.56,0.2568057747702748
15488-JAM,Month-to-Month,36,66.25,4023.24,0.2567001121220509
74521-BIH,Month-to-Month,7,35.0,1782.4,0.2565232963233122
42002-GUJ,One Year,4,93.7,6483.51,0.2561370325593186
75626-TAM,One Year,2,49.25,255.6,0.25589249152784027
61677-AND,Month-to-Month,29,56.6,4310.7,0.255796236026345
55059-ODI,One Year,28,60.0,1438.95,0.2557835937494302
51890-UTT,One Year,21,73.0,2577.65,0.25568845112634014
66253-HAR,One Year,12,105.4,7214.49,0.25538658379656
32821-MAD,One Year,5,79.2,2047.16,0.2550113041546209
64599-DEL,One Year,14,94.4,8616.95,0.25480277431105763
13500-BIH,One Year,18,56.4,2928.5,0.2547042099433585
58230-AND,One Year,9,118.6,9731.28,0.25437471603521294
54036-UTT,Month-to-Month,25,76.3,3441.91,0.25380335980488816
37118-JAM,Two Year,15,96.55,2762.17,0.25356364125457204
95595-PUN,One Year,28,79.5,1699.88,0.2531794479336403
18214-MAH,One Year,34,100.9,7713.5,0.25312708063803724
23743-AND,One Year,17,50.05,1523.4,0.2530800717872463
98954-MAH,One Year,28,73.45,3129.75,0.25303488069323893
91890-HAR,Two Year,10,48.75,304.37,0.2529560224225177
49107-UTT,One Year,35,84.8,2807.47,0.25247327960447835
75216-WES,One Year,1,75.5,3048.48,0.25244967197652174
46001-JAM,One Year,2,96.9,7531.06,0.2522211310998124
41881-RAJ,Month-to-Month,16,78.65,772.84,0.2521560514201846
78895-HAR,Month-to-Month,4,0.0,465.7,0.25190616140781047
41892-HAR,One Year,24,64.9,2707.0,0.25184748953510233
83335-HAR,One Year,13,70.3,939.85,0.251684409587346
88440-JAM,One Year,16,109.9,8882.11,0.2515081605337329
19990-GUJ,Month-to-Month,17,53.45,1021.02,0.2513262714673309
39867-RAJ,One Year,1,94.8,4559.39,0.251281453307873
42942-MAH,One Year,14,80.55,3516.46,0.2509700026242444
46765-RAJ,Month-to-Month,28,45.2,1088.49,0.2504048447853602
68239-ASS,Month-to-Month,15,55.5,1506.71,0.25030898159224385
34947-UTT,One Year,34,79.7,7908.19,0.2501020819914668
14003-KAR,Month-to-Month,12,19.0,159.54,0.24998748589120315
76985-GUJ,One Year,30,80.1,3451.73,0.24962226361469864
18861-JAM,One Year,18,95.7,5400.47,0.24957964807426483
56831-CHH,One Year,35,94.45,6838.39,0.24951016008514584
92857-GUJ,Two Year,1,70.2,273.72,0.24888605407747919
31562-JHA,One Year,15,94.8,5856.22,0.2487519746217572
81349-KAR,One Year,19,102.85,7804.33,0.2483834969648258
24324-MAH,One Year,6,50.95,3132.21,0.24835586531154982
38198-KER,Month-to-Month,26,84.25,5938.02,0.2478989119855552
98404-AND,Month-to-Month,16,45.2,3438.44,0.24787842520136855
66209-MAD,Month-to-Month,29,60.85,2421.8,0.24785797222477385
46463-JAM,One Year,1,54.6,1394.31,0.2468337441760854
27065-TAM,One Year,33,83.65,6770.33,0.24679299473471142
54732-TAM,Month-to-Month,27,59.6,2816.25,0.24627283894502103
48513-TAM,One Year,12,74.4,2501.54,0.24621152469121535
94247-TAM,One Year,32,97.0,6671.54,0.24618128457842772
35642-WES,Month-to-Month,9,74.55,4194.1,0.24609770540021808
36787-AND,One Year,27,45.85,1276.4,0.24599753833567575
11899-MAH,One Year,11,103.9,6869.8,0.24569504661689148
71205-KAR,One Year,25,80.65,2633.92,0.24554179123293324
51272-RAJ,Month-to-Month,34,50.9,3171.1,0.24549258423161685
78048-HAR,Month-to-Month,30,50.3,1556.03,0.2454044549707108
78178-UTT,One Year,1,116.3,8514.03,0.24528721309759627
35069-WES,One Year,2,96.1,7893.07,0.24510208835383182
39181-WES,Month-to-Month,7,45.8,1147.0,0.24509795518883634
33181-AND,One Year,34,107.15,9613.28,0.24503418113540992
11277-UTT,One Year,23,54.8,867.93,0.24448399192325265
35126-UTT,One Year,22,70.85,7643.51,0.2440057158838931
11348-MAH,Month-to-Month,19,56.05,2867.73,0.2437888549408205
72257-UTT,Month-to-Month,31,55.35,1264.41,0.2429842454074139
32429-UTT,One Year,17,81.1,2635.84,0.24297916158917546
92694-TAM,One Year,15,116.25,8078.07,0.24254611002506285
23579-DEL,Month-to-Month,7,100.75,6912.51,0.24232555212209828
44466-MAH,One Year,31,104.55,7860.79,0.24163084620290112
84513-PUD,Two Year,32,96.9,4766.25,0.24146285031579998
85695-WES,One Year,33,76.05,3243.85,0.2414428913882684
16366-KAR,Month-to-Month,18,55.0,1165.55,0.24143907794733854
77222-UTT,Two Year,25,29.9,118.25,0.24113526308647007
34425-ASS,Two Year,21,86.45,2481.24,0.2410548193129183
73548-JHA,One Year,15,68.6,4391.18,0.24064272306344592
97739-GUJ,Two Year,11,95.8,1547.76,0.24037208602749724
99300-MAD,One Year,19,43.45,399.74,0.23959354140845998
93979-GUJ,Month-to-Month,5,55.1,2069.57,0.23948580142279924
59156-WES,One Year,25,80.35,7922.38,0.23945014740497877
92142-AND,One Year,6,67.7,4533.69,0.23934007207055297
45877-TAM,Month-to-Month,12,19.7,146.62,0.2391693286351589
14570-HAR,Two Year,21,108.8,10215.38,0.23886913057230155
64664-TEL,One Year,8,95.65,7227.57,0.23881807222387066
26363-KER,Month-to-Month,34,19.45,174.8,0.23878281217372768
99374-UTT,One Year,34,81.7,2306.48,0.238575149717512
67007-UTT,One Year,6,75.15,5753.13,0.2378112845668881
37628-UTT,One Year,32,97.65,7864.32,0.23765798676937464
31232-KER,Two Year,19,104.35,2924.96,0.2376038235646915
47381-KAR,Month-to-Month,26,72.75,3078.08,0.23737902732252755
83461-ODI,One Year,22,64.9,752.25,0.2373547766109481
91875-AND,Month-to-Month,9,48.8,1858.95,0.23729238958398918
18356-AND,One Year,6,110.55,8182.8,0.23711335284379942
28953-KAR,Two Year,32,35.8,1416.9,0.23702300986314148
31860-KAR,One Year,34,56.15,2898.95,0.23693280393631666
81782-AND,One Year,28,96.75,7039.29,0.23685735291592763
92904-KAR,One Year,26,103.2,9453.04,0.2365891635121569
56107-PUN,One Year,20,39.95,1023.75,0.23643178518069283
37167-TAM,Month-to-Month,27,49.7,2203.23,0.23642753408254602
46903-TAM,Month-to-Month,8,55.05,3044.92,0.23616993295869984
78997-WES,One Year,22,49.85,1606.09,0.23616055628760013
56062-HAR,Month-to-Month,27,79.0,2090.75,0.23609633149218348
95174-KAR,One Year,26,77.55,3694.18,0.23571845921140422
19440-BIH,One Year,10,44.1,3876.75,0.23570930731615347
44439-WES,Two Year,12,69.35,382.09,0.23569679425823817
88514-AND,Two Year,34,71.45,457.25,0.23516474387767905
57663-HAR,Month-to-Month,16,50.15,3144.05,0.23508114230767974
98687-KAR,Two Year,9,75.5,862.04,0.23507232489559063
41019-AND,Two Year,34,97.2,6833.15,0.23496634627990465
86553-BIH,Month-to-Month,6,70.3,2776.13,0.23493401785054283
33533-GUJ,Month-to-Month,5,53.4,3579.15,0.23467984045032225
11873-HAR,Month-to-Month,10,50.25,2513.6,0.23448080303719454
57878-MAH,One Year,33,84.8,7683.36,0.23441734745081427
37491-JAM,One Year,33,99.25,6583.37,0.23398509070741066
42333-UTT,One Year,4,79.95,2908.18,0.23348787525447615
79351-MAH,Month-to-Month,27,69.5,2460.45,0.23341843361195183
98142-UTT,One Year,25,64.2,2525.52,0.23321082448202005
68764-WES,Month-to-Month,31,60.2,3582.4,0.23305080002034864
89184-KER,One Year,16,74.8,2029.28,0.23281913199602144
91485-TAM,One Year,5,109.6,11355.87,0.23276175356018394
43430-WES,Month-to-Month,28,49.7,2096.12,0.23271768818235578
85186-MAD,Two Year,20,94.75,498.4,0.23209218921725883
71327-MAD,One Year,2,94.15,8694.2,0.23196250282744008
79546-KAR,One Year,35,114.35,6791.1,0.2319348737949677
68497-PUN,Month-to-Month,16,79.2,4425.31,0.23191825322051315
41120-BIH,One Year,27,43.8,976.02,0.23188548002012566
61080-RAJ,One Year,34,80.8,3651.55,0.23173197820885968
97360-WES,Month-to-Month,23,73.55,7840.34,0.23123724722413505
58681-MAH,One Year,33,90.25,8531.55,0.23119464297724798
66190-MAH,Month-to-Month,14,86.8,7102.61,0.23112313120797034
24801-WES,One Year,28,51.45,1064.41,0.2308987532459217
34799-UTT,Month-to-Month,17,50.3,1622.17,0.23082214974525964
19039-TEL,Two Year,16,94.95,2132.08,0.23038792554557716
83900-HAR,One Year,31,36.05,502.6,0.22993481256402826
92223-TEL,Two Year,26,105.35,3885.8,0.22943922549807652
71454-KAR,One Year,35,39.55,373.0,0.2293543217221569
21589-PUN,Month-to-Month,27,49.45,1574.2,0.2293135564058528
19877-DEL,One Year,27,65.6,974.81,0.22922923574559623
49319-GUJ,One Year,3,117.2,10257.51,0.22805177489481257
83116-WES,One Year,15,87.3,8439.5,0.22795074125802506
52605-MAD,One Year,29,53.8,733.17,0.22766577351831974
33495-JAM,Two Year,24,90.95,3882.64,0.2271252320104324
87692-AND,Month-to-Month,18,95.1,5500.23,0.22677016397159727
15132-GUJ,Month-to-Month,1,70.45,6565.93,0.22642744942137014
62147-TEL,One Year,13,80.2,6528.4,0.2260678643286648
27083-MAD,One Year,1,84.25,4192.85,0.22564489142622188
87313-UTT,Month-to-Month,20,59.7,2776.27,0.2255407779587669
75543-KAR,One Year,15,54.25,789.99,0.22544617807480288
14668-MAH,Month-to-Month,10,59.45,1377.81,0.2253053079120105
25621-HAR,Month-to-Month,9,61.35,5491.35,0.22457258225427482
72235-MAH,One Year,4,56.35,2577.77,0.22424771093972087
88202-ODI,Two Year,23,98.9,7585.08,0.2240002434676414
94522-JHA,One Year,25,74.75,3269.6,0.22384425565860344
34757-KAR,One Year,12,71.7,2233.35,0.22378187096222799
29628-KAR,Month-to-Month,32,45.2,3175.13,0.2237425696418822
34528-AND,One Year,2,58.2,1507.9,0.22362220152114054
26058-MAH,Month-to-Month,1,55.15,1976.73,0.22324227655319503
37288-GUJ,Month-to-Month,27,71.05,1868.12,0.22319283258661257
33177-MAD,One Year,10,101.35,7873.71,0.2229647359274938
61215-AND,One Year,22,116.6,9703.9,0.2229017660571896
94257-GUJ,Month-to-Month,31,50.55,3031.85,0.2226426092500599
67923-AND,One Year,24,64.5,3087.35,0.22260417906326818
63551-TAM,Two Year,28,104.75,9607.75,0.22256316439452348
32949-WES,One Year,7,68.75,3752.51,0.22249402965795004
66816-KAR,Two Year,27,0.0,2118.98,0.22229321293426652
45660-DEL,One Year,6,82.95,5151.54,0.22224572019664213
47666-WES,One Year,28,95.75,9440.3,0.22215923492853687
72323-KER,Two Year,31,80.35,1128.15,0.22131880463187845
22803-GUJ,One Year,7,93.5,5694.12,0.22130135418724423
63809-BIH,One Year,16,34.2,1596.6,0.22121966651593397
74826-TAM,Two Year,35,90.7,4393.16,0.22114755756014276
26401-MAH,One Year,4,79.3,2629.3,0.22094838565122282
73718-RAJ,One Year,15,115.1,7332.2,0.22082810582442566
63192-MAH,Month-to-Month,23,50.0,2169.7,0.2208199054931854
79581-KAR,Month-to-Month,12,18.85,573.6,0.22075966349881257
17494-BIH,One Year,20,90.55,6904.47,0.22053891058973865
41987-JAM,Month-to-Month,24,50.15,2949.58,0.22028487929361693
48839-RAJ,Month-to-Month,1,54.9,6970.31,0.22017030373495244
31311-PUN,Two Year,8,89.0,899.24,0.21995624172515335
49974-RAJ,Two Year,29,91.55,5439.2,0.21994361966004827
72125-AND,Month-to-Month,1,65.05,2400.71,0.21985727184862977
51133-WES,One Year,4,81.7,3081.23,0.2197936521587007
91400-WES,Month-to-Month,6,20.15,214.66,0.21970899959466295
28525-GUJ,Month-to-Month,29,80.6,7006.78,0.219605970919988
64535-TAM,One Year,11,111.25,9858.66,0.21957450575253398
45542-MAD,One Year,32,64.85,3466.34,0.21904273382682285
83363-TEL,Month-to-Month,15,60.9,2593.73,0.21903867811746267
37887-AND,One Year,5,72.1,2849.0,0.21897309446567362
98897-MAD,Two Year,22,88.45,2177.24,0.21897004702652487
12987-JAM,One Year,3,44.6,902.74,0.2182828079926783
62657-MAH,Month-to-Month,2,19.65,140.67,0.21811329772586815
58383-AND,One Year,34,81.25,6385.85,0.2180977887646947
32028-WES,One Year,20,99.65,7458.86,0.21781450368683533
99549-KAR,Two Year,14,79.55,952.2,0.21744952947252968
82508-WES,One Year,31,90.4,3036.35,0.2173596462641475
44307-BIH,One Year,7,45.1,2049.05,0.2170019679842495
42496-HAR,One Year,15,107.0,8580.15,0.216811819524628
36560-WES,One Year,4,84.9,6040.42,0.2165640421605379
23671-TAM,Month-to-Month,35,20.15,134.8,0.21635423397322848
47651-TAM,Month-to-Month,15,69.5,963.12,0.21632772315726176
34476-TAM,Two Year,21,96.85,1582.39,0.2161367887310011
43601-TAM,One Year,13,89.6,4778.95,0.2160750789622052
49699-JAM,One Year,10,59.75,1507.01,0.21607153806850343
41322-UTT,One Year,2,108.05,9806.0,0.21605387742008106
53365-HAR,Two Year,31,43.8,3832.45,0.2159464743867104
26736-TAM,Month-to-Month,9,68.35,2176.04,0.2159359665798452
44687-MAD,One Year,3,24.85,788.05,0.2155845589914311
65337-AND,Month-to-Month,8,54.95,2070.18,0.21554483830507593
21401-KAR,One Year,5,79.3,2580.72,0.21546701162330426
73008-PUD,Month-to-Month,31,66.3,2417.9,0.21546527846252425
15865-KER,One Year,30,110.0,9290.8,0.21526565146374074
75820-MAD,One Year,24,98.15,4694.91,0.21521059976908016
46061-KAR,Two Year,24,94.65,1852.65,0.21512365568942915
63592-RAJ,One Year,26,0.0,801.95,0.21508324965184158
59324-UTT,Two Year,19,75.1,1649.79,0.21499143235343468
96201-TAM,Two Year,21,89.55,5657.2,0.21480010997869872
92118-PUN,One Year,32,35.3,264.8,0.21460777738472203
84317-BIH,Two Year,28,73.3,1348.85,0.21458862870903456
62867-GUJ,One Year,13,100.15,9023.8,0.21440644110821225
43878-DEL,One Year,10,91.25,6366.42,0.21431418648827014
84234-MAH,One Year,2,84.2,4744.57,0.21408434549179697
64096-UTT,Two Year,19,101.3,4097.1,0.21401288942114055
52842-BIH,One Year,35,50.8,463.6,0.21361405162630542
96928-TEL,One Year,35,75.1,2700.24,0.21315223668315406
71264-BIH,One Year,13,50.6,1288.75,0.21314765248991627
71914-HAR,Month-to-Month,7,74.55,1979.1,0.213140214815937
61221-MAH,One Year,10,35.6,1072.6,0.21313733847833924
23240-HAR,Month-to-Month,26,53.45,1868.88,0.21310140338565686
27944-PUN,One Year,31,56.45,3985.35,0.21306817215299004
96208-TAM,Month-to-Month,6,65.0,3697.02,0.21306469894441035
86882-UTT,One Year,35,51.65,4462.7,0.21302705441996386
49023-PUD,Month-to-Month,31,20.25,522.82,0.21301735252475673
82015-UTT,Month-to-Month,23,45.0,1230.19,0.2129954858435334
17664-UTT,One Year,33,78.75,3843.89,0.21295682656432202
31572-AND,Two Year,17,98.1,2951.69,0.21294507706387025
23912-MAD,One Year,5,73.55,835.7,0.21293316605199997
52584-TAM,One Year,5,71.75,4996.55,0.21281726013376157
63983-KAR,Two Year,12,104.05,10811.61,0.21167817987300722
69846-MAH,Month-to-Month,9,50.2,3198.08,0.21167646409431978
69410-HAR,Two Year,6,74.05,617.59,0.2115268490036933
59111-UTT,Month-to-Month,34,54.9,4726.86,0.21146440588802057
75944-MAD,One Year,31,90.25,7423.95,0.21143002875132105
41150-UTT,Month-to-Month,1,19.55,342.14,0.21141485680441027
48516-KAR,Two Year,34,74.05,1036.38,0.2113915300395068
64674-PUN,Month-to-Month,3,53.8,2509.81,0.21135096467819076
48722-AND,Month-to-Month,21,66.15,3287.72,0.21130209670666752
92820-UTT,One Year,9,36.1,2031.5,0.2111478109934708
12536-KAR,One Year,35,38.1,1070.4,0.21105912849042746
98429-KAR,Month-to-Month,34,49.15,2384.16,0.21065098126044288
72864-RAJ,Two Year,13,100.8,8542.71,0.21057186235401965
73201-UTT,Two Year,28,94.8,2353.38,0.2105299891799812
33458-CHH,One Year,1,54.6,1803.7,0.21048097385748069
84442-HAR,One Year,20,55.65,2782.23,0.21041712206228405
61488-DEL,Month-to-Month,29,49.85,1857.79,0.2103973704423539
77849-WES,One Year,8,73.85,5293.04,0.21037278255980355
99849-AND,Two Year,3,74.1,526.92,0.21029488713018224
33122-KER,Month-to-Month,16,51.05,2653.34,0.2100616862938769
41252-AND,One Year,1,30.1,1611.68,0.2099090311786957
66229-KAR,One Year,10,86.35,5659.45,0.20962330245206728
19043-MAH,One Year,15,94.8,6424.26,0.20916881560330047
65366-MAH,One Year,8,85.55,8097.4,0.20900558402746042
48321-WES,One Year,3,104.9,10502.46,0.20887705893189626
15054-TAM,Two Year,9,85.7,3269.24,0.20883417891079165
32819-MAD,Two Year,35,73.55,1494.63,0.20853530492779512
74553-MAD,One Year,1,80.3,5969.38,0.2082724817616136
62817-ASS,Two Year,34,109.75,5237.25,0.20826937179846045
98183-RAJ,One Year,10,70.35,1766.73,0.2081209127054546
63307-TEL,Month-to-Month,8,51.1,3472.5,0.2078577045252253
29939-KER,One Year,10,80.1,5889.13,0.20766189530114593
94910-WES,Two Year,3,85.35,2845.78,0.2074923746640495
13361-UTT,One Year,6,55.2,969.0,0.20716647957318204
53441-TAM,Month-to-Month,30,56.7,2333.62,0.2070319489397556
17127-GUJ,One Year,2,87.15,3466.44,0.20701584395809774
91456-ASS,Two Year,35,99.75,4427.17,0.20700926588314572
14610-CHH,One Year,25,49.45,1713.9,0.20700877354603803
54736-MAD,Month-to-Month,25,70.35,4816.1,0.20664222910830934
87242-WES,One Year,11,61.0,3507.69,0.2064761148979
31593-UTT,Two Year,4,84.35,2265.4,0.20636467321648236
66515-JAM,One Year,7,20.55,305.5,0.20624503213312245
54756-TEL,One Year,28,103.9,9077.03,0.2061092031599355
34389-RAJ,Month-to-Month,5,66.8,6528.2,0.2058892981974104
73606-MAH,Month-to-Month,20,60.9,2551.62,0.20543009718782337
69918-UTT,Two Year,20,74.45,1613.67,0.20530728997711176
28452-UTT,One Year,34,65.35,2085.86,0.20515857608058014
11887-MAD,Month-to-Month,33,69.1,4634.48,0.20509294608930126
21795-ODI,One Year,13,62.1,1645.24,0.2047784409238077
64740-JHA,One Year,6,76.9,5109.36,0.2042902184210956
68697-DEL,One Year,36,60.25,1413.96,0.20425668851883136
97620-WES,One Year,3,30.4,938.65,0.2042128254564968
53598-HAR,One Year,3,25.25,947.75,0.20405280565317352
56174-CHH,One Year,9,105.1,8933.18,0.20404066127800188
39306-TAM,Two Year,19,96.6,3353.8,0.20394615361848584
14808-AND,One Year,4,74.3,7074.51,0.20392919410768787
45780-PUN,Two Year,14,80.5,3195.57,0.2039248529005506
28905-BIH,Month-to-Month,19,18.85,240.36,0.20388042638919993
99179-WES,Two Year,28,19.5,111.13,0.20383718105194912
99673-JAM,One Year,26,56.3,2780.6,0.20383409424386018
17308-HAR,Month-to-Month,12,54.75,2487.43,0.20378015144525588
32942-UTT,One Year,3,84.1,4141.83,0.20338572095949162
17065-PUN,One Year,27,86.45,6576.63,0.20332139849012038
93288-KAR,One Year,28,64.0,2803.55,0.20318596717147386
12955-MAH,Month-to-Month,36,19.85,158.18,0.20313103598943075
97164-KAR,Month-to-Month,8,50.2,2798.92,0.203063718332314
73415-UTT,Month-to-Month,1,25.05,468.86,0.20302005250564337
12296-MAD,One Year,2,45.0,1228.65,0.20223510154380325
51033-UTT,One Year,3,64.2,5148.05,0.2022045555671542
59220-KAR,Two Year,4,84.85,2797.7,0.20187124625285904
41104-MAD,One Year,18,95.65,6071.8,0.20151163813108589
43532-TEL,One Year,21,73.15,3709.85,0.2014525453779545
63402-TAM,Two Year,28,98.35,10141.32,0.20139792446283275
94418-TEL,One Year,5,78.55,2947.66,0.20119610027683765
65806-KER,Two Year,25,93.6,3055.14,0.20093728446105213
77850-MAH,Two Year,26,74.9,4155.97,0.2008540129320952
28608-MAH,One Year,2,90.1,2931.14,0.20080340571272426
28330-GUJ,Two Year,30,105.65,7909.83,0.20068896073576586
28533-JHA,Two Year,32,90.7,4195.59,0.2006851172566361
53471-RAJ,One Year,25,60.8,3727.77,0.20061251370865005
88826-UTT,One Year,4,102.45,9245.46,0.2005589986532819
99898-MAH,Month-to-Month,14,65.2,3775.63,0.20048052033321298
91678-KAR,Month-to-Month,4,52.15,4026.33,0.20027360153901175
48678-MAD,Month-to-Month,31,20.05,186.5,0.20014058995283418
35597-UTT,One Year,14,76.35,4221.67,0.20006941056204158
66073-WES,Two Year,36,85.2,1052.79,0.1997929759961806
77707-MAH,One Year,3,75.9,2212.3,0.19974932071369353
92732-WES,One Year,23,57.6,1367.75,0.19963551221665507
34266-KAR,Two Year,18,90.05,4059.7,0.19953919013338936
83438-HAR,One Year,33,47.85,1270.5,0.1993364703196049
61657-PUN,Month-to-Month,6,67.6,3441.4,0.19933327753913063
11922-PUN,Two Year,2,105.0,8063.56,0.19901919515644076
46074-DEL,One Year,31,61.35,4217.8,0.1984145471129587
71771-WES,Month-to-Month,9,76.15,2534.7,0.19839511377764013
59509-ODI,One Year,20,40.4,422.6,0.19831896443902453
36228-TAM,One Year,31,0.0,2241.75,0.19827716967106745
29668-KAR,One Year,1,56.15,995.07,0.19808705662794185
27607-KAR,Month-to-Month,8,66.3,1750.06,0.19797014203835395
76835-HAR,One Year,27,30.25,368.85,0.1975818731095934
98329-TEL,One Year,7,80.85,2276.59,0.19749990701329176
21967-WES,One Year,33,93.55,6276.05,0.19748023680991955
11301-WES,One Year,5,51.55,1936.82,0.1974687776680145
31978-WES,Two Year,25,89.95,7902.78,0.19729415746143786
21268-GUJ,Month-to-Month,26,19.05,439.17,0.1970664534308072
43066-TAM,One Year,10,65.65,5488.89,0.1970256690591855
33781-WES,Two Year,16,70.2,1103.32,0.19700213640612946
38311-PUN,One Year,1,70.2,3458.71,0.19699456890907058
96884-TAM,One Year,11,88.8,8403.59,0.19682185598408952
84517-MAD,One Year,15,75.85,1445.45,0.1967246159728752
21960-HAR,One Year,16,62.05,2511.55,0.19649936182121847
73614-MAH,Month-to-Month,17,18.95,362.81,0.19633844226760186
68230-GUJ,Two Year,16,89.2,4684.8,0.19632535001393348
54350-UTT,Two Year,23,84.95,1971.49,0.19609941368632453
68968-HAR,One Year,29,93.15,7512.43,0.19597810461907217
42360-BIH,Two Year,24,89.45,4203.93,0.19590939861732337
88027-AND,One Year,4,45.55,3027.25,0.19582470007041852
28551-UTT,Two Year,8,104.1,4379.0,0.19572183763084036
49569-PUN,Month-to-Month,4,18.8,468.87,0.19565924072037505
35675-KAR,One Year,20,76.4,5580.96,0.19565682912266594
92576-UTT,One Year,11,53.75,2367.15,0.19557792172408928
63295-KER,Two Year,6,104.45,6720.89,0.19554105951115577
94667-AND,One Year,32,60.15,3077.0,0.19541980558914276
23279-TAM,One Year,34,80.75,4561.85,0.19530980192887304
19526-PUN,Two Year,29,84.85,4024.43,0.19530006122458546
16805-UTT,Two Year,8,108.1,5543.13,0.19519993293303006
59246-MAH,One Year,20,92.05,7222.15,0.1950937698384414
29994-UTT,One Year,30,110.6,10139.93,0.1950900515032469
95476-GUJ,One Year,32,44.45,2773.9,0.19488814684691774
58154-PUD,Two Year,1,54.3,2390.45,0.19486779335743792
24305-BIH,Two Year,25,75.4,8515.77,0.1946022951468947
83099-HAR,Two Year,35,94.75,5391.66,0.19457020057638236
76622-RAJ,One Year,7,51.05,3755.15,0.19448305592884382
38153-MAH,Two Year,27,104.3,7600.7,0.1944533703680361
58325-MAD,One Year,35,61.5,4846.48,0.1944477173234335
43792-AND,Two Year,27,80.25,631.1,0.19441960611497835
75041-TEL,One Year,16,84.8,5830.79,0.19420261553412804
82035-TAM,One Year,34,58.2,639.41,0.19406898345747223
95493-UTT,One Year,26,58.85,1965.57,0.19340168052673068
11987-PUN,One Year,6,69.45,609.42,0.1933657623129269
91005-TEL,One Year,18,30.75,1489.3,0.19329726493152424
56582-KAR,Month-to-Month,31,20.35,293.66,0.19287210350211875
38672-JAM,One Year,9,69.65,4158.15,0.1927594687006773
18470-MAD,One Year,24,86.8,2413.29,0.19258448697219138
85280-ODI,Two Year,4,104.75,7352.67,0.19242738039390364
82555-KER,One Year,9,69.0,3889.63,0.1924178219705088
59510-UTT,Two Year,23,113.6,7002.75,0.1923561275177529
37098-TAM,One Year,26,44.6,1270.55,0.19231853848244246
93098-UTT,One Year,20,61.1,3613.36,0.19220531081065587
66722-HAR,One Year,32,83.7,3832.66,0.19216540418820752
93155-PUN,Month-to-Month,9,60.45,2009.79,0.19203989687345008
42672-UTT,One Year,27,58.95,4442.34,0.19194990191853054
44871-KER,One Year,3,61.05,1540.2,0.1919318086978736
67668-JHA,One Year,30,54.75,2428.45,0.19188741740709753
15367-KAR,Month-to-Month,30,19.7,346.1,0.19183776298060573
12511-DEL,One Year,18,78.4,2721.28,0.19173318376586995
74134-UTT,One Year,14,55.85,1194.44,0.1915140414484593
64233-GUJ,Two Year,10,48.2,414.06,0.19133829785299258
78524-TAM,Two Year,23,79.3,2639.44,0.19132618490366962
37974-ASS,One Year,5,90.1,5317.95,0.19131434418510979
78913-JAM,Month-to-Month,17,49.9,2569.73,0.1909271851915142
25871-GUJ,One Year,23,36.25,1151.05,0.19080308843620847
13579-MAD,One Year,9,59.3,2473.18,0.19056697678702184
57297-KAR,One Year,13,73.75,2562.29,0.19050205557119512
29602-PUN,Two Year,2,97.85,7025.62,0.19048670598881406
56667-PUN,Two Year,22,101.15,6670.4,0.190485170396596
86935-TEL,Month-to-Month,27,20.45,561.46,0.19045549857242888
84054-PUN,Two Year,31,55.0,3094.05,0.19042223081271206
86684-MAD,Two Year,3,102.05,5032.1,0.19037141397234703
25335-TAM,Month-to-Month,20,74.65,4464.93,0.19022295437906667
13539-ODI,Two Year,24,95.8,7451.41,0.19018509463328845
63217-PUN,Month-to-Month,17,50.15,2993.47,0.18988675089666268
84134-WES,Month-to-Month,1,65.1,3048.4,0.189780453778635
79867-JAM,Two Year,16,98.8,4352.72,0.1894987480207254
36627-BIH,Month-to-Month,32,34.0,1456.13,0.18947436932943448
36427-TAM,One Year,21,80.9,2011.62,0.18921162076943032
95922-RAJ,Two Year,11,105.35,8304.26,0.1891399332855102
13683-AND,One Year,8,51.0,2264.5,0.18898505298037732
67356-TAM,Two Year,9,89.95,2617.65,0.1886535743446868
86342-MAD,Two Year,10,46.35,672.7,0.18858773306121446
36544-TAM,One Year,23,60.0,1379.12,0.18839341099941878
62966-TAM,Two Year,24,104.05,7686.04,0.1883865056732607
71384-AND,One Year,2,76.25,6055.9,0.188290765313911
62994-UTT,Two Year,21,88.4,2677.15,0.18818662553193868
77653-TEL,One Year,23,115.05,9417.53,0.18796066154890648
84823-JAM,One Year,22,85.1,3799.32,0.18794351743658227
82310-TAM,One Year,16,54.4,3698.03,0.1879303553303195
84524-TEL,One Year,1,94.05,6643.16,0.1878861010000015
83932-BIH,One Year,20,40.25,423.49,0.18781251432473428
16839-WES,Month-to-Month,8,65.0,3475.63,0.18778103216413644
67115-HAR,Month-to-Month,17,19.4,183.56,0.1877018846228178
61006-AND,Two Year,7,73.45,6139.72,0.18769870541426678
25817-UTT,One Year,30,80.45,4102.92,0.18756641825570214
27132-KAR,Month-to-Month,34,59.05,1974.0,0.18747910685433702
37378-KER,One Year,8,79.85,4900.56,0.18741086838433146
49428-TEL,Month-to-Month,26,20.0,393.96,0.1872283452724348
44192-HAR,One Year,30,89.45,6575.85,0.1872039013357254
37548-WES,One Year,2,51.6,2533.85,0.18710349085176817
86894-KAR,Two Year,7,101.8,2108.72,0.18704433485246855
78945-AND,One Year,22,60.95,6920.9,0.1869885210118707
93630-HAR,Month-to-Month,35,59.6,3229.51,0.18684443878045112
44559-BIH,Two Year,30,99.45,3378.07,0.1868151172033566
98879-JAM,Month-to-Month,17,21.15,712.85,0.1867143935003842
19886-RAJ,Month-to-Month,13,63.85,4770.82,0.18649579453099327
62381-AND,Month-to-Month,5,18.95,275.39,0.18607484217498896
83568-HAR,One Year,32,49.55,737.4,0.1860506574855317
27643-KAR,One Year,18,45.35,2536.02,0.18573358819854144
63904-ODI,One Year,33,68.75,2411.42,0.185710772543601
39534-PUN,One Year,16,64.9,1060.05,0.18537463816800867
55165-KER,One Year,14,58.75,1978.2,0.18516349582079542
88435-TEL,Two Year,10,101.05,5894.64,0.1851367799486268
86665-AND,Month-to-Month,9,20.25,148.95,0.18504464321342665
66013-TAM,Two Year,31,50.95,207.35,0.1849658143860851
79245-JAM,One Year,1,70.4,3017.05,0.18474467243923223
25008-BIH,Two Year,3,97.7,8928.18,0.18461188509018253
27465-UTT,Two Year,6,94.25,7574.52,0.1843261777479075
98013-HAR,Month-to-Month,10,20.85,222.46,0.1841931080547083
21129-TAM,One Year,31,54.6,887.07,0.18417751368284865
39812-PUN,One Year,31,90.6,4996.93,0.18416340526151326
56053-HAR,Two Year,4,49.45,2947.55,0.1840878763060337
79251-UTT,One Year,9,74.6,4746.86,0.18402440194284453
64636-KAR,Two Year,11,99.65,6949.65,0.18400146213192928
88504-KAR,One Year,27,58.4,4080.62,0.1839748003642764
36568-HAR,One Year,8,0.0,10830.97,0.18372232611945863
21338-TAM,One Year,23,50.25,2954.75,0.18356178476817656
92894-MAH,Two Year,19,101.05,7038.14,0.18350768303144657
42182-TAM,Month-to-Month,31,61.9,4126.3,0.1833917509439387
84659-GUJ,Two Year,30,84.3,3423.5,0.1832855434343395
32944-TAM,One Year,19,20.15,601.19,0.1832760752494566
21853-PUN,One Year,15,75.5,5717.1,0.18327499289226476
24041-UTT,Month-to-Month,17,69.95,3811.55,0.18314399848002036
11370-TAM,One Year,10,59.1,1248.99,0.18305272278819126
74461-BIH,One Year,24,79.6,6728.23,0.18294452274070905
96413-TAM,Two Year,27,79.35,2020.45,0.18293969177019015
11616-TAM,One Year,2,68.7,2066.2,0.18276903741344447
47645-PUN,One Year,14,61.6,1727.35,0.18273602168030217
48138-PUN,One Year,29,70.7,3625.67,0.18244307460474596
76006-HAR,Month-to-Month,12,59.65,3463.91,0.182257323051629
69425-GUJ,One Year,10,54.95,3392.3,0.18213608543478854
15795-MAD,One Year,20,75.25,3243.37,0.18196027164645454
84840-BIH,One Year,22,60.0,1682.05,0.18192562348112706
61798-PUN,One Year,22,70.25,2718.8,0.18174090183205321
39819-TAM,One Year,5,65.25,1480.08,0.1816726250537092
62829-RAJ,One Year,3,60.65,702.89,0.18141187763249736
81257-MAH,Two Year,6,93.9,4904.5,0.18121113847935255
81714-BIH,One Year,36,55.45,2025.48,0.18117056630614958
66176-CHH,Month-to-Month,5,61.65,2230.45,0.18109920819524705
48613-TAM,One Year,10,92.0,9183.8,0.18094512777918978
17398-GUJ,One Year,2,54.65,3665.94,0.18060342016216943
47156-TAM,Two Year,24,99.2,8775.75,0.18059841484590605
82027-UTT,Month-to-Month,25,60.55,3550.95,0.18036694547009036
54671-PUN,Month-to-Month,22,62.45,3110.51,0.18028759803215239
99627-KER,Two Year,22,53.95,2215.4,0.1799717014482043
28981-TEL,One Year,19,86.7,8320.71,0.17986068343378966
15947-HAR,Month-to-Month,28,68.15,3461.52,0.17983798655798722
35648-TAM,One Year,22,107.2,9619.63,0.17914849430174457
44388-CHH,One Year,27,70.55,5283.86,0.17905637630921256
68632-JAM,One Year,21,66.05,5513.47,0.178937979658696
78253-UTT,Month-to-Month,26,19.65,193.9,0.17891616387909234
71965-TEL,One Year,32,56.25,1509.69,0.17891107049460014
71397-DEL,One Year,23,94.7,7967.85,0.17889857583167712
39946-TEL,One Year,5,60.0,3815.5,0.1788519555182275
53325-GUJ,One Year,32,75.0,3198.21,0.1785570309791404
21662-AND,One Year,36,74.85,3589.82,0.17773412787687523
95088-KAR,One Year,6,50.05,2538.27,0.17767735923950667
83787-UTT,Two Year,33,102.6,6468.11,0.17767216426218266
37203-KAR,Month-to-Month,32,19.35,431.56,0.1776494177988202
72918-JHA,Month-to-Month,23,19.95,283.6,0.1775835386449944
42397-PUN,Month-to-Month,25,61.4,3357.77,0.17734175721814
36410-KAR,One Year,30,66.05,3369.77,0.17724748143756222
82120-UTT,Two Year,35,99.7,5693.65,0.17710546710034905
99889-AND,One Year,15,54.2,1423.15,0.1770771677386474
28881-DEL,One Year,17,69.1,5306.4,0.17695550340881344
24461-TAM,One Year,20,64.65,3723.51,0.17679697975369715
72358-TEL,Two Year,23,93.5,4364.08,0.1767671778171877
95872-TAM,Month-to-Month,34,55.7,4019.37,0.17671455760488147
71574-TAM,One Year,4,65.9,1080.05,0.17658412336893217
63662-TAM,One Year,30,104.5,7942.15,0.17653315336684397
91887-KER,One Year,8,75.75,5406.17,0.1764331726170811
26176-UTT,One Year,11,59.4,2292.04,0.17642673151338115
89062-UTT,Month-to-Month,33,0.0,4581.97,0.1763167899193496
58816-WES,Two Year,17,102.6,4143.89,0.1762204479702416
59762-BIH,One Year,3,0.0,2459.05,0.1761722099043254
17539-ASS,Month-to-Month,3,44.45,2181.55,0.17608070986508204
95810-RAJ,One Year,36,80.85,2523.76,0.17595954891040433
18103-KAR,Month-to-Month,10,78.9,4576.12,0.1759057068138655
38407-WES,One Year,33,59.9,1971.66,0.17589431162781685
14277-WES,One Year,18,69.75,2644.96,0.17574676542621093
27180-UTT,Two Year,20,80.85,1119.4,0.17569179078618183
78977-UTT,Two Year,5,69.7,907.65,0.1756351630223864
86329-TAM,One Year,27,72.9,8433.46,0.17558259256618458
67762-PUN,Two Year,27,93.9,1778.46,0.17549376147195914
21021-TEL,One Year,4,20.1,111.1,0.17523172843867563
56827-HAR,Month-to-Month,2,67.45,2199.56,0.1752281564103903
49343-ASS,Two Year,13,64.95,548.39,0.17507335865800489
31545-HAR,One Year,5,56.95,2470.56,0.1750464346279467
23249-PUN,One Year,12,33.15,444.75,0.1750335751574313
97703-BIH,One Year,8,54.55,1362.85,0.17501890360796632
41658-KAR,Two Year,16,105.05,7208.3,0.17493593038826089
63091-MAH,One Year,26,74.75,4065.35,0.17482888469169752
12541-WES,One Year,35,80.55,5813.65,0.1745259501157101
26058-ASS,One Year,25,71.0,3280.12,0.1744968395716188
97246-MAH,Month-to-Month,2,71.35,4012.8,0.17435896896548256
38918-MAH,Two Year,2,99.15,10004.5,0.17433982333026962
78856-KAR,Two Year,18,78.5,1331.58,0.17429314981139749
37572-PUN,Two Year,23,39.85,1434.6,0.174217318468032
92676-MAH,One Year,34,84.45,8574.08,0.17384678513681878
62078-BIH,One Year,23,54.4,1766.56,0.17382631222102463
83234-HAR,Month-to-Month,5,54.3,2246.05,0.17376495816279375
69444-HAR,Two Year,2,45.75,603.18,0.17370202356795023
85470-RAJ,One Year,11,56.1,1566.94,0.17288753540722288
38731-AND,Two Year,29,69.3,2777.85,0.1728584663320236
71483-TAM,One Year,33,24.1,139.82,0.17285693027768104
25078-BIH,One Year,32,55.35,4701.26,0.1726941616648683
59028-WES,One Year,15,65.6,1311.65,0.1726891440831496
37251-UTT,Two Year,6,105.5,9125.12,0.17264530653178004
31864-AND,Two Year,13,97.45,8631.88,0.17255891588117883
29682-HAR,Two Year,25,93.15,7624.0,0.17220483776036347
23053-PUN,One Year,7,64.85,1606.1,0.172146508594826
62771-ASS,Month-to-Month,11,0.0,246.06,0.17211537558565082
13305-RAJ,One Year,26,50.7,3108.75,0.17200765233867615
39636-PUN,One Year,26,64.3,3630.04,0.17186453100053975
81541-PUN,Two Year,19,69.65,1409.7,0.17176592454939635
17682-PUN,Month-to-Month,2,20.15,274.76,0.17175632465003077
74706-KAR,Two Year,32,85.05,2165.71,0.17165365485655634
25826-MAH,Two Year,21,49.2,511.89,0.17131843454878146
14331-DEL,Month-to-Month,30,19.4,297.1,0.17121757292992337
93888-KAR,Two Year,26,104.8,9163.24,0.17108528175433568
68932-AND,One Year,17,51.25,2151.6,0.17100335507015527
92987-GUJ,Month-to-Month,36,19.5,544.82,0.1708672810218429
85576-AND,One Year,20,85.45,7962.96,0.17074003527400958
92728-PUN,One Year,28,75.5,3272.92,0.17066883569842006
22327-RAJ,One Year,29,54.65,2477.54,0.1705873261531432
43669-UTT,One Year,10,60.15,3658.08,0.17050570718835856
47483-TAM,Month-to-Month,32,80.4,8001.79,0.17034243141567096
31791-TAM,Month-to-Month,19,55.15,4972.5,0.17027268687821462
34903-PUD,Two Year,14,104.8,10385.38,0.17013500980034582
73947-MAD,One Year,11,75.7,4349.7,0.1701160201433182
72897-MAD,One Year,20,79.8,6685.48,0.16975463671112773
25726-TAM,One Year,10,60.35,4089.47,0.16927334692648005
32561-KAR,Month-to-Month,9,54.25,4382.95,0.16901166020608197
26858-GUJ,One Year,29,84.0,7890.5,0.16824498483391706
13985-MAH,Two Year,27,101.4,9444.0,0.16810500859440008
53371-JAM,One Year,29,43.05,2208.05,0.1679712104822726
15082-GUJ,One Year,25,81.45,7428.44,0.16792150709420772
13510-JAM,One Year,28,34.05,1113.95,0.1675363929869006
72489-HAR,Two Year,20,109.95,8904.54,0.16736828578568133
79769-HAR,One Year,35,65.25,3774.44,0.16714149735231743
45883-MAH,One Year,10,87.2,5965.43,0.16691284574296197
31742-BIH,One Year,14,73.05,6393.61,0.16687912284623752
68752-GUJ,One Year,8,68.4,5537.67,0.1668625693359094
65181-MAH,Two Year,27,89.6,8172.2,0.16683822789576241
36842-DEL,Two Year,36,94.9,4598.17,0.16678166338486536
85861-UTT,Two Year,2,99.4,9802.1,0.1667312977696076
88639-HAR,Two Year,25,53.0,3656.25,0.16651582845559387
34004-PUN,Month-to-Month,4,21.05,484.15,0.16651219089303704
86947-WES,Month-to-Month,7,20.2,241.82,0.1664702615429978
69034-UTT,Two Year,2,100.4,4832.85,0.16641605601307546
26433-GUJ,Month-to-Month,28,51.05,2525.28,0.1663276223147814
85208-TAM,One Year,31,74.1,5802.37,0.16621795063451475
86198-UTT,One Year,1,54.85,2191.7,0.1661482935794532
47555-GUJ,Month-to-Month,11,61.0,3005.95,0.16610246164486517
61487-UTT,One Year,32,53.6,2879.2,0.16592585245414532
88202-MAH,Two Year,22,103.2,8234.71,0.16588196255442086
13823-KAR,One Year,6,61.2,3364.5,0.16584125668617766
68757-KER,Month-to-Month,1,67.45,4293.0,0.16575889952972736
88636-KAR,One Year,7,75.1,5380.02,0.1657087357970308
58224-AND,One Year,28,54.0,1502.1,0.1656021298984255
49173-HAR,One Year,29,79.85,4887.36,0.16556521502002167
48016-BIH,One Year,4,40.65,947.4,0.16555082032489735
57506-ASS,Two Year,15,95.35,9825.79,0.16518976772397737
23615-UTT,One Year,3,94.9,6507.0,0.16510629964680024
72768-UTT,One Year,23,0.0,1603.08,0.16475662854650872
21602-BIH,Month-to-Month,10,54.5,3096.21,0.1646538273471819
18411-KER,Two Year,9,104.4,9625.13,0.16455205063626552
35494-JHA,One Year,12,60.65,6733.3,0.16448693531525027
36549-UTT,One Year,10,64.8,1946.55,0.1643452437635253
17838-WES,Two Year,32,108.65,6628.2,0.1643383295959441
16921-RAJ,One Year,8,78.35,7958.95,0.16424947780163593
39757-TAM,Two Year,11,96.85,7833.17,0.16423646792359098
57497-TEL,One Year,9,59.9,3545.95,0.16423241913384407
17488-RAJ,One Year,1,63.7,4651.25,0.16419424920837078
29374-WES,One Year,9,59.95,1848.8,0.16415583013080046
26473-BIH,Two Year,7,105.45,2779.78,0.16409250565083697
71517-UTT,One Year,30,89.85,6324.69,0.16392081029596806
63125-MAD,One Year,33,45.05,4310.6,0.16389634373288675
89049-PUN,One Year,3,89.0,8365.68,0.1638959794996098
13637-MAD,One Year,18,54.9,3045.75,0.16373242534869223
25338-HAR,Two Year,35,93.8,1886.95,0.163068248104058
86872-BIH,One Year,25,59.8,3022.05,0.1630667007041373
12746-WES,Month-to-Month,17,19.95,198.69,0.1629926878937746
43583-GUJ,One Year,28,53.15,1930.9,0.16291369292786578
38970-DEL,One Year,9,55.8,3475.7,0.16290062665855737
48404-ASS,Two Year,4,74.0,6411.9,0.1628435892689433
87045-HAR,Month-to-Month,29,19.85,281.23,0.1625822519642912
96498-JAM,One Year,20,58.9,4051.5,0.162420335288651
31674-UTT,One Year,7,95.65,6096.84,0.16241483342927526
28577-JHA,Two Year,21,99.0,8674.68,0.162411331657984
35207-MAD,Two Year,8,75.65,6566.63,0.16216463132269085
24622-AND,Two Year,27,103.2,6311.63,0.16213136969318007
15923-RAJ,One Year,16,50.05,2911.5,0.1620257318731204
83263-TEL,Two Year,1,101.3,7882.33,0.16198539301918766
76479-GUJ,Two Year,30,110.6,9052.07,0.16149573635822032
62310-WES,Month-to-Month,2,56.35,2105.52,0.16141391809233865
52077-ASS,One Year,22,73.85,4668.12,0.16134976031269974
19661-GUJ,Two Year,18,91.05,5579.87,0.16129255667744918
31962-ODI,Two Year,18,99.0,6791.9,0.16122907201027512
27091-WES,One Year,5,69.55,4253.04,0.1611220796284562
63913-GUJ,Two Year,3,107.65,8882.7,0.16092292490313861
28616-WES,Two Year,34,105.55,6367.01,0.1608269631301389
98865-ODI,Two Year,19,106.7,9712.95,0.16067024093279347
26540-TEL,One Year,20,64.05,5991.24,0.16063825020652703
17846-MAD,Two Year,34,90.5,2717.05,0.1604322900836133
44605-HAR,Two Year,28,103.75,8664.2,0.16036810574144308
69005-JHA,One Year,4,63.9,4319.0,0.1603059212225421
31459-UTT,One Year,34,78.8,4020.17,0.16026745006427173
78335-MAH,One Year,6,48.7,1665.02,0.16014296985479579
22748-HAR,One Year,12,55.25,2761.35,0.1599392992257136
69540-UTT,One Year,8,59.45,1591.76,0.15991305728954128
55015-WES,One Year,24,46.4,812.4,0.15985553642516617
34921-HAR,One Year,14,35.45,1391.65,0.15974343222334922
34319-MAH,Two Year,17,54.55,1393.58,0.15972234205876965
18872-WES,One Year,9,52.7,4229.86,0.15962587472359097
52355-WES,Month-to-Month,3,54.35,2423.24,0.15961218673375002
63502-GUJ,One Year,11,63.7,3896.7,0.15940465158469178
14214-KAR,Month-to-Month,10,20.25,209.55,0.1591327008913876
73484-MAD,One Year,4,60.4,2740.55,0.1591291813697307
37960-TEL,Two Year,2,51.3,496.42,0.15912010081359568
97376-ASS,Two Year,24,95.2,7501.08,0.15905208898337575
18203-UTT,Two Year,13,44.55,343.45,0.15898933561284595
17570-GUJ,One Year,4,0.0,1282.67,0.15864060128138843
46832-BIH,One Year,19,40.35,1187.05,0.1584757374773856
71405-TAM,One Year,7,74.05,3997.4,0.15799838533536834
59403-KER,One Year,3,89.85,8336.1,0.15793246278642506
38495-PUN,Two Year,8,105.55,8152.01,0.15777113034620324
47154-BIH,Month-to-Month,2,57.95,2208.56,0.1576674288379181
82343-MAH,Two Year,25,79.85,1955.19,0.15749764382481338
61962-KAR,One Year,15,84.3,7226.33,0.15726057596723494
22929-JAM,One Year,10,68.75,4334.76,0.15723940780506213
62337-MAD,One Year,35,69.1,3993.19,0.1571576895847737
26795-KAR,Two Year,1,102.1,7830.61,0.15647508743731375
75355-PUN,One Year,10,47.85,2944.27,0.1564327925215084
85790-TAM,Two Year,7,103.65,8417.44,0.15637137253453656
98473-UTT,Two Year,26,95.1,8192.43,0.1563582897701844
92092-UTT,One Year,8,19.35,419.99,0.15624017833647494
96032-BIH,One Year,22,64.4,4294.87,0.15610209996209815
47771-TAM,Two Year,14,89.75,7005.53,0.1559609762877652
59339-MAH,One Year,22,35.2,1463.7,0.15591575546684186
16745-UTT,One Year,6,81.15,7398.63,0.15584148929347752
68522-ASS,One Year,5,78.0,4268.63,0.15582850415271512
78859-UTT,Month-to-Month,29,69.9,5374.78,0.1555775534799175
68555-WES,Two Year,11,71.55,2868.67,0.15551517664691952
37517-AND,Two Year,36,79.2,6908.29,0.1553196442755258
48875-UTT,One Year,11,90.05,8358.42,0.15512202634959
31447-ODI,One Year,18,53.5,4656.88,0.1550913606605329
59564-PUN,One Year,1,76.75,5482.36,0.15504878927980223
37191-MAH,One Year,13,58.45,2245.47,0.15486714849059097
12112-MAD,Month-to-Month,4,20.45,191.63,0.1547241699289833
66674-PUN,Two Year,28,47.05,3263.6,0.15460875898668924
65381-PUN,Two Year,32,104.9,7833.1,0.15452895239828998
38365-KAR,Month-to-Month,21,20.65,194.02,0.15429535140466114
65611-UTT,Two Year,13,72.95,6023.63,0.154218416126149
82770-UTT,Two Year,9,99.9,6676.78,0.15421625879839213
91417-GUJ,One Year,22,72.1,6339.27,0.15415313497116878
92106-MAD,Month-to-Month,9,20.35,251.65,0.15407324184678933
71442-MAH,Two Year,28,95.1,5699.89,0.1539873093892615
93838-MAH,Two Year,16,94.8,6539.35,0.15398705447534206
43343-TAM,Month-to-Month,12,20.75,471.43,0.15376832767998821
32380-PUD,Month-to-Month,11,20.7,159.07,0.15375736828618447
59723-RAJ,One Year,6,0.0,5867.56,0.15375119262642792
89393-KAR,One Year,2,53.65,2227.35,0.15373521418530772
47330-MAH,One Year,11,79.4,8571.1,0.15367506870191078
61770-AND,Two Year,25,99.1,7681.1,0.15360573088852397
49662-KAR,One Year,17,64.85,1985.28,0.1535882006645086
74947-ASS,Two Year,16,99.35,8326.15,0.1535394940678188
66737-CHH,Two Year,22,0.0,1227.43,0.15350345293511344
58004-TAM,One Year,4,68.7,5891.83,0.15338170330028614
37572-RAJ,Two Year,13,100.45,5281.36,0.1529651216169315
68305-DEL,One Year,2,50.35,1405.92,0.15287022435083245
85248-KAR,Two Year,11,101.15,8444.03,0.1527856977770618
96565-MAH,Month-to-Month,35,59.45,3505.75,0.15278317429910768
19420-MAD,One Year,3,69.75,4477.95,0.15248826740498422
66640-WES,Two Year,15,80.45,4877.59,0.15241661710199328
89453-HAR,One Year,19,44.1,2369.7,0.15237384869036025
97501-JHA,One Year,10,81.15,5898.45,0.15203745046211406
72132-WES,One Year,3,78.75,5631.03,0.15200463889088384
51951-UTT,Two Year,34,92.7,7732.5,0.1520044696278533
22847-GUJ,Two Year,23,112.4,9143.41,0.15190045016653736
72407-WES,Two Year,21,82.5,6563.99,0.15188411208062655
89862-TAM,Month-to-Month,36,19.95,197.1,0.15166589133398328
35203-HAR,One Year,8,83.45,6072.33,0.15166394580869175
62569-UTT,One Year,4,44.45,792.15,0.15164846103076382
77769-UTT,Month-to-Month,35,25.25,116.66,0.15147586749190994
48965-KAR,Month-to-Month,10,44.55,3062.77,0.15141629125417155
86846-BIH,Two Year,28,55.6,596.51,0.1507559030547984
11392-JAM,One Year,1,84.4,6139.69,0.15070403306732374
45554-UTT,Month-to-Month,11,20.05,194.98,0.1506512595157619
21577-PUN,One Year,28,35.4,978.6,0.1506274687940866
95147-WES,Two Year,28,104.1,9268.85,0.15056550200365615
66275-TEL,One Year,25,49.35,3321.35,0.15043114649345446
46791-JAM,One Year,1,57.75,1579.09,0.15036183434196557
63004-WES,One Year,22,50.4,1580.1,0.15030048067173624
99739-KAR,One Year,10,78.75,5392.55,0.15026792088085403
71976-HAR,One Year,34,69.05,3062.75,0.15015051784481626
72969-GUJ,One Year,10,66.8,4689.15,0.15005599193923225
96905-KAR,Two Year,19,109.3,6869.15,0.149923354910418
13950-KAR,Two Year,6,105.15,8357.66,0.14991717480591402
57274-PUN,One Year,24,78.45,5841.31,0.1498750350804165
43464-ASS,Month-to-Month,2,19.3,196.19,0.14976815247750938
81850-MAH,Month-to-Month,19,19.95,227.85,0.14967497616072867
15586-HAR,Month-to-Month,16,20.2,382.73,0.14955350263273634
99821-ODI,One Year,9,74.65,2485.2,0.14953686245997388
54740-BIH,One Year,24,70.6,4313.32,0.14952627790290732
99814-ODI,One Year,25,0.0,3378.79,0.1495040030833755
31599-RAJ,Month-to-Month,4,20.65,306.15,0.14928448432946217
72635-DEL,Two Year,4,36.65,1315.0,0.14921983457235657
87521-WES,Month-to-Month,20,20.55,234.95,0.14921048555255426
35527-JAM,Month-to-Month,10,19.5,632.4,0.14868270792865104
77147-RAJ,One Year,16,39.5,1082.75,0.14814849608735423
92439-RAJ,One Year,21,49.4,6427.11,0.14812449902882563
34711-UTT,Two Year,13,104.5,5711.25,0.1480864995037703
15571-ASS,Two Year,19,90.0,3948.95,0.14769450481558435
51591-PUN,One Year,33,64.5,2766.35,0.1476260366696449
58134-AND,One Year,16,51.45,3345.87,0.14758578884897144
99190-UTT,One Year,31,89.65,4957.3,0.147551781134282
23352-CHH,Two Year,10,104.3,7651.35,0.1473421470032172
56731-BIH,Two Year,8,95.75,8784.86,0.14733510709940772
72886-PUN,Two Year,5,110.45,7835.99,0.1472898232013507
82109-MAH,One Year,22,78.65,5248.8,0.1470553534311391
47924-RAJ,One Year,11,68.75,6208.16,0.14686915512035145
59157-KAR,Two Year,4,90.8,8278.2,0.1466407211882602
69498-TAM,One Year,15,95.15,9222.48,0.14657364049081817
84106-CHH,Month-to-Month,34,24.1,714.32,0.14644599309338638
46950-AND,Month-to-Month,24,19.7,404.71,0.14643920260520418
35753-BIH,Two Year,13,38.8,603.0,0.1463432954853886
37748-JHA,Two Year,35,109.25,9822.08,0.14626731320657355
34584-MAD,Month-to-Month,9,20.95,368.64,0.14620986140132042
13632-GUJ,Two Year,1,104.45,10103.15,0.14604661662486879
16560-MAH,Two Year,3,83.45,3252.13,0.14570534892955267
12377-JAM,Month-to-Month,3,19.4,1036.35,0.14555202297947425
14960-TEL,One Year,32,80.2,5042.31,0.1455397907873596
15909-HAR,One Year,20,74.85,7390.35,0.14549797663849298
21303-UTT,One Year,31,65.2,6362.96,0.14547662104860112
98696-WES,Two Year,29,107.95,6926.31,0.14546779405480648
63196-TEL,One Year,20,35.35,1317.95,0.1453736293306001
42682-MAH,Two Year,5,111.4,1251.98,0.14534253054526963
37347-AND,Two Year,13,102.4,7161.55,0.14525925786695879
66346-UTT,Month-to-Month,13,65.25,6230.88,0.1451118329455238
85682-UTT,One Year,20,81.25,5958.91,0.1450682360967226
18756-MAD,One Year,7,58.6,4103.13,0.14493629686397197
76892-KAR,Month-to-Month,28,49.75,4559.91,0.14482674546042518
66026-HAR,One Year,27,69.5,2517.65,0.14478546954091928
69607-TAM,Month-to-Month,31,19.7,278.33,0.144560786734617
47062-KAR,One Year,24,74.0,4989.41,0.14451267699152615
12513-MAH,Two Year,3,104.7,8612.0,0.1445072596234714
49816-MAH,Two Year,23,84.65,7064.68,0.14399163865164813
29111-PUN,One Year,9,69.35,2909.83,0.14396710364408455
67464-KAR,One Year,15,50.55,6574.05,0.14353457986632207
97365-GUJ,One Year,32,36.0,1512.9,0.14325657110738052
62571-AND,One Year,21,68.1,3602.57,0.14307265983299813
24508-AND,One Year,14,29.45,1983.15,0.14291469199331666
88104-HAR,One Year,33,70.8,7409.17,0.14279786562368643
73155-ASS,Two Year,34,0.0,8435.6,0.14269461187516422
94792-MAD,Two Year,18,76.05,6103.85,0.14264737078459525
41428-BIH,One Year,10,65.4,4313.67,0.14246465181503665
82546-MAD,One Year,11,65.5,4656.21,0.14226122766319851
13642-TAM,Month-to-Month,9,20.45,443.98,0.14225556136876127
96935-TAM,One Year,2,61.55,2570.99,0.1421946029090531
37735-GUJ,One Year,23,56.25,1561.16,0.14218550380122388
88777-WES,One Year,30,74.75,3353.35,0.14218458051186242
18987-TAM,One Year,22,48.6,672.48,0.14207387779457836
23751-BIH,One Year,27,53.65,2259.7,0.14196665078538695
84743-AND,One Year,10,70.75,3871.35,0.14188317852874402
67887-ODI,Month-to-Month,27,19.9,437.85,0.14186224514436327
22364-UTT,Month-to-Month,21,0.0,7049.0,0.1417760926025127
22633-KER,Two Year,10,109.1,5861.67,0.1416546539266735
68876-UTT,Two Year,8,109.3,8198.8,0.14161813690287053
35693-GUJ,Two Year,2,104.15,5412.17,0.14156301463002866
25693-MAD,One Year,29,75.2,6351.1,0.14125946755915086
58800-BIH,One Year,21,62.15,3074.0,0.14121965511006995
29304-BIH,Month-to-Month,15,20.65,303.34,0.14116103661964702
54112-UTT,One Year,21,84.15,6488.9,0.14099175216049872
86779-JHA,Month-to-Month,15,24.5,440.25,0.14096106056376226
37224-KER,One Year,19,64.35,3555.7,0.14094991831668457
97173-MAH,One Year,29,23.9,122.94,0.14094506383668762
87675-UTT,Month-to-Month,18,19.9,361.55,0.14077605547970792
68244-TAM,One Year,26,36.1,2298.9,0.14072284780878175
81238-TEL,Two Year,2,94.45,8558.98,0.14065730625526293
83410-ASS,Month-to-Month,22,19.3,556.98,0.1406457912349377
25310-DEL,Month-to-Month,34,25.45,161.8,0.1404872853467019
91831-HAR,Two Year,13,56.75,3708.4,0.14036354217805744
74173-RAJ,Month-to-Month,27,20.5,227.35,0.14030816610681437
84065-PUN,Two Year,25,44.4,265.8,0.14025246794346166
81107-WES,One Year,23,47.85,4204.45,0.1397345352889548
47719-WES,One Year,6,80.05,6501.2,0.1396261637725038
51507-BIH,Two Year,25,103.95,10814.34,0.1396221858071047
54563-JAM,Two Year,15,105.25,9371.25,0.1395682822434814
33663-HAR,Month-to-Month,35,20.15,551.26,0.1395467907313591
17891-AND,One Year,9,55.1,2643.6,0.13926109554393468
34527-PUN,Month-to-Month,12,53.1,4517.84,0.13923356460384517
72671-KAR,One Year,23,40.3,1630.4,0.1391510136096483
82711-PUN,One Year,1,71.8,4701.95,0.13903264698522647
81255-AND,Two Year,35,113.75,7445.07,0.13877446579907193
68477-KAR,Two Year,26,108.95,8574.34,0.13853974560684099
38695-WES,Two Year,1,104.4,5173.76,0.1384553205202468
32022-PUD,One Year,13,54.9,3130.6,0.1383826691500762
69077-TAM,One Year,3,70.95,5777.68,0.13818194862778013
41961-AND,Month-to-Month,20,24.8,568.6,0.13812232532264623
58047-MAH,One Year,4,71.1,6885.22,0.13807834940220937
91470-HAR,Month-to-Month,29,19.75,363.95,0.13803478137895114
89699-MAD,One Year,9,68.95,2717.9,0.13794352688032346
55208-WES,Two Year,13,98.2,8850.46,0.13788119365891555
57368-KER,Two Year,2,109.05,8761.11,0.1378219444278708
65329-UTT,Month-to-Month,32,20.1,528.2,0.13759965672960153
78414-JAM,One Year,13,56.05,2482.7,0.13755747054262674
15675-GUJ,One Year,32,56.9,4328.8,0.13750355564381747
98855-MAH,Two Year,2,99.35,7440.19,0.1372045691794295
92714-AND,Two Year,14,73.55,3566.53,0.1371771095341496
17816-ODI,One Year,10,70.15,6588.22,0.1370844089128624
93211-MAH,Two Year,29,43.35,371.4,0.13706171923562063
57738-GUJ,Two Year,29,77.8,5769.85,0.1370604651496191
32821-TAM,One Year,15,70.9,2800.67,0.13688625642885796
27059-KAR,Two Year,22,84.5,9298.85,0.13639770524060713
55493-MAD,Month-to-Month,21,20.35,441.59,0.13622458220218667
57461-GUJ,Month-to-Month,27,20.35,162.05,0.13617728870982893
89855-RAJ,One Year,20,74.7,4219.21,0.13616346645789343
12342-KER,Two Year,3,99.65,9387.38,0.13598367964102967
36755-AND,Month-to-Month,9,19.65,379.11,0.13574846059419657
16124-MAH,Two Year,23,0.0,5935.12,0.13558649650720003
89019-PUN,Two Year,32,89.45,5344.06,0.13548153652452355
71897-MAH,Two Year,6,101.3,7423.25,0.13532488177004848
34333-GUJ,One Year,4,55.8,4489.6,0.13526007242855062
18160-KAR,Month-to-Month,5,19.85,545.46,0.13508445394421534
77604-WES,One Year,9,81.2,7412.65,0.13503748769460547
51260-KAR,Month-to-Month,7,19.2,271.41,0.1349698389362466
76712-AND,One Year,2,45.0,2196.3,0.134732350826713
59467-JAM,One Year,1,40.2,1525.35,0.13440622956889528
99166-BIH,Two Year,27,80.95,5903.37,0.1342597121612231
36197-GUJ,Two Year,6,98.65,9664.57,0.13424649103964542
71956-UTT,Month-to-Month,9,19.95,537.86,0.13405350952973863
42964-MAH,One Year,25,78.2,3399.52,0.1339377120942894
39400-RAJ,Two Year,12,108.4,8488.46,0.1338648021172402
71292-MAH,Month-to-Month,1,19.95,683.75,0.13380832085143501
65303-RAJ,One Year,8,71.9,5241.65,0.13363175000211627
95788-MAD,Two Year,12,99.0,4190.02,0.13360385256648036
67253-KAR,Two Year,17,111.6,8144.12,0.1334810748414106
72446-ODI,Two Year,26,110.65,11032.77,0.13343245296177866
89567-RAJ,Two Year,29,29.6,299.05,0.13332333209664995
21291-MAH,One Year,8,68.5,3358.36,0.133294314572123
38895-TEL,Two Year,10,90.85,9165.1,0.13319112651057716
56413-MAH,Two Year,31,106.8,10094.0,0.13312463354612236
11340-JAM,One Year,7,19.95,298.1,0.13310986052042745
23147-JHA,Two Year,28,104.9,8059.95,0.1330862043331803
46587-AND,One Year,7,40.6,2588.95,0.1329364815996761
66278-WES,Two Year,1,99.7,8019.43,0.13285738924161236
97526-TEL,Two Year,22,110.5,9105.93,0.13250062607392854
66748-KAR,Two Year,32,69.15,2736.14,0.13246710701511297
83939-TEL,Month-to-Month,4,19.0,945.68,0.13241760433200292
43117-GUJ,Two Year,36,106.1,8040.73,0.13228548622154773
83158-TAM,One Year,32,81.4,6504.13,0.13189813819609467
27757-HAR,One Year,6,70.7,6386.3,0.1318527615721468
69893-UTT,One Year,10,58.75,3522.89,0.1315226658952787
78945-TEL,One Year,27,76.75,6612.97,0.13070046428160229
69827-HAR,One Year,9,53.85,4492.33,0.13015502086049058
85022-MAD,Two Year,21,29.35,342.22,0.1300777466072154
75779-UTT,One Year,20,19.5,342.66,0.13000589038294094
94700-UTT,Month-to-Month,21,67.45,5998.18,0.1298949910075845
29990-KAR,Two Year,8,95.9,7807.35,0.12983621830399555
37465-UTT,One Year,24,33.7,1537.85,0.12981167943583485
61783-KAR,Two Year,31,19.5,118.98,0.12975830945981473
14942-HAR,One Year,11,40.3,1794.8,0.12971757647156887
26506-WES,One Year,9,55.8,3700.62,0.1296707691025956
53717-TAM,Two Year,10,107.5,8595.54,0.12957794869431255
14399-MAD,One Year,9,35.45,1958.95,0.12957348524282614
63934-AND,Two Year,1,63.4,358.8,0.12950705465039622
64589-TAM,Month-to-Month,8,19.8,387.25,0.12936123107920888
28594-TAM,One Year,20,59.3,4348.8,0.12932033037451995
58707-KAR,Two Year,1,75.5,5320.57,0.12902649382567313
88171-TEL,Month-to-Month,17,56.25,4367.57,0.12893655823299485
68157-AND,Two Year,31,89.45,6785.4,0.12883435154527614
91541-UTT,Month-to-Month,34,20.95,422.21,0.12870456589670265
41077-GUJ,One Year,2,44.8,2983.65,0.12869275733443755
63633-KAR,Two Year,24,48.8,2555.05,0.1285190310489243
14888-MAD,Two Year,17,33.45,1540.25,0.12851801063941728
96814-JHA,One Year,10,59.45,5186.35,0.1283521985905677
59998-RAJ,Two Year,30,54.95,3772.5,0.12828361585668177
98423-JAM,One Year,2,50.3,3933.78,0.12808250431376073
14765-MAD,One Year,2,68.45,5515.92,0.128041142730908
17695-PUN,Two Year,19,102.9,10251.26,0.12800687104315653
14346-TEL,One Year,3,24.6,2970.85,0.12797202206458194
77443-HAR,One Year,15,67.45,2925.78,0.12794563185570312
79306-PUN,Two Year,26,100.65,5462.14,0.12792862741758593
53373-BIH,Two Year,23,109.2,7602.57,0.1279031792243151
72002-UTT,Two Year,19,60.25,1314.58,0.12773156895530563
53171-TAM,Two Year,27,35.65,1000.08,0.1276551907934136
58578-TEL,One Year,31,56.3,3859.27,0.12737285815407146
71631-TAM,Two Year,32,110.8,10184.55,0.12733515009108023
99722-BIH,Two Year,17,64.4,786.26,0.1273312829857067
42868-TEL,Month-to-Month,6,19.55,233.78,0.1272749161423505
16790-RAJ,One Year,2,55.35,1636.95,0.12707450719328434
59612-RAJ,Two Year,32,110.45,11416.21,0.12695234513437142
41004-UTT,Two Year,2,110.2,8225.5,0.12688121101996178
51370-MAH,Month-to-Month,35,20.45,467.7,0.12686589643019597
68341-MAH,One Year,30,54.45,4858.83,0.1267296024374815
81000-MAD,One Year,8,61.5,1813.93,0.1266965610456224
35527-TAM,One Year,12,41.15,1700.9,0.12663616265423655
43546-KAR,Two Year,2,89.1,7752.15,0.12660287850108373
97221-AND,Month-to-Month,1,19.75,411.15,0.12652650829006346
58740-PUN,One Year,33,70.5,3624.15,0.12641364423040988
62880-DEL,Month-to-Month,12,54.55,3805.77,0.12627808635162222
94990-JHA,Month-to-Month,1,20.05,206.35,0.1262037125560086
34520-UTT,One Year,5,60.5,5551.33,0.12617642492223094
39808-TAM,Two Year,29,108.95,4727.95,0.12600688089477421
69383-TEL,Two Year,7,89.45,7589.71,0.12582002783998256
42329-AND,Two Year,30,94.35,7206.66,0.12581262116027783
14653-PUN,Month-to-Month,9,20.0,579.3,0.12569173862617794
67451-RAJ,Month-to-Month,5,19.7,709.88,0.1255882476201456
54968-MAH,Two Year,30,73.8,4674.01,0.1255359131347404
53485-UTT,Two Year,13,111.75,8470.78,0.12541774078683676
27750-HAR,Two Year,28,59.45,1884.65,0.12510154729903572
35643-UTT,One Year,4,0.0,5803.77,0.12475839743930119
67522-RAJ,Two Year,2,104.0,7879.23,0.12465751169115093
38825-KAR,Two Year,29,59.8,4489.53,0.12458325156997842
25451-JAM,Two Year,33,49.8,2480.23,0.1245801623452058
37435-TEL,Two Year,26,85.15,5625.86,0.12444840950239291
26576-MAD,Two Year,28,85.75,6279.56,0.12435441357374041
21320-BIH,Month-to-Month,20,19.55,339.87,0.12423704664486925
65281-UTT,One Year,9,52.0,2884.9,0.12422593004378894
43271-DEL,Two Year,19,43.6,2748.7,0.12415116671490103
15835-TEL,Two Year,30,74.85,3396.75,0.12408108311237216
21291-TAM,Two Year,13,100.2,5793.45,0.12386907489069976
74864-JHA,Month-to-Month,34,20.55,218.75,0.12356193887379668
44270-KAR,Two Year,26,84.4,7442.67,0.1235316040142674
68740-CHH,Month-to-Month,16,19.5,601.31,0.12327845994805503
77500-PUD,One Year,27,57.95,4801.93,0.12295349563573285
92206-TEL,One Year,34,0.0,3225.32,0.1229310534033529
97191-TEL,Two Year,17,103.15,7783.92,0.12290773118028725
97435-UTT,Two Year,35,80.6,3801.15,0.12276628413694235
92276-MAD,One Year,30,40.9,1383.6,0.12257037740090147
83256-TEL,Two Year,14,66.05,1919.01,0.12256536687634759
69143-ODI,Two Year,6,109.2,10881.61,0.12238179992288017
73593-BIH,Two Year,31,75.2,4543.49,0.12208335279871328
56990-WES,Two Year,27,49.65,2409.9,0.1219740543928043
57591-AND,One Year,12,20.05,244.85,0.12197223909596573
88632-TAM,Month-to-Month,5,20.65,264.68,0.12176379034614633
29458-HAR,One Year,22,42.3,1840.75,0.1217423337712343
86951-KAR,One Year,21,83.0,6227.11,0.1214095928067776
29553-GUJ,Two Year,30,54.1,3794.5,0.12130987626252959
15739-MAD,Month-to-Month,9,24.0,256.65,0.12123936683033981
53365-GUJ,One Year,19,35.4,1412.4,0.12118714474624506
71533-MAD,Month-to-Month,29,81.3,4000.55,0.1211723008298633
43524-MAD,One Year,15,54.75,2248.09,0.12088589524726025
63437-MAH,Month-to-Month,16,19.25,191.1,0.1208159764014159
15116-PUN,Month-to-Month,10,20.25,523.51,0.1207399648076143
54801-TEL,One Year,25,65.8,5769.01,0.12055827241359912
74748-ASS,Two Year,16,53.6,3237.05,0.12040436600026062
13036-KAR,Two Year,4,54.8,1609.14,0.12028073900258415
42811-PUN,One Year,13,82.5,5220.25,0.11997214019443071
58319-UTT,One Year,11,0.0,425.53,0.11996061791809315
21538-PUN,Month-to-Month,31,20.75,634.48,0.1197264714390418
54490-AND,One Year,26,64.15,2050.05,0.11970579624070675
24262-JHA,Two Year,36,88.95,4599.77,0.1196765322011355
94541-KAR,Two Year,33,94.8,8711.95,0.11963606236287336
87915-UTT,Two Year,32,104.6,7643.52,0.1195991453971196
79730-TAM,Month-to-Month,13,19.4,500.59,0.11942517348987565
29772-PUN,Two Year,11,39.6,2386.04,0.11933259832093077
95965-UTT,One Year,8,58.0,2153.84,0.11929878741073194
28397-UTT,One Year,1,24.15,2491.1,0.11926944274342269
86596-PUD,Two Year,33,61.45,3751.15,0.11907917019000455
39394-TEL,One Year,12,66.2,7321.68,0.1189759797463483
79587-JAM,Two Year,16,99.0,10162.86,0.11894416483665604
41449-ASS,One Year,15,35.55,1309.15,0.11882840561552965
99727-WES,One Year,24,54.8,4228.66,0.11849803712311506
64398-MAH,One Year,15,0.0,2456.05,0.11840637623591088
83942-CHH,One Year,30,69.2,8432.39,0.11835208423848795
73762-UTT,One Year,19,75.75,5153.05,0.11809775414835201
83553-GUJ,Two Year,5,105.65,8887.86,0.11785537202792527
32663-BIH,Two Year,22,58.4,1817.02,0.11783841715527629
96833-TEL,Two Year,14,81.95,1254.13,0.11777377581105229
85690-HAR,Two Year,29,69.1,2670.42,0.11755520135079567
61204-UTT,Two Year,8,103.75,8133.57,0.11741861923245457
35471-KAR,Two Year,26,52.55,525.5,0.11728616714348426
97824-BIH,One Year,15,65.0,4211.35,0.11683180530051766
13319-MAD,Two Year,8,99.4,8038.71,0.11680229041190086
91621-DEL,One Year,23,57.2,2294.13,0.1167000499741972
56147-UTT,One Year,5,60.7,2234.55,0.11658931981180795
68915-WES,Month-to-Month,4,24.3,165.75,0.11644920945738119
92461-KAR,One Year,16,0.0,5426.81,0.11624036434519183
85445-HAR,Two Year,26,73.6,4187.23,0.11608142749123684
12510-MAH,Two Year,33,112.25,8881.17,0.1160518092792632
48401-JAM,Two Year,34,116.85,10769.46,0.11582029307627359
23769-KAR,Month-to-Month,31,20.4,596.57,0.11566522714942455
77683-BIH,Two Year,17,39.0,2337.45,0.11537814107862171
55900-TAM,Month-to-Month,10,55.7,5100.19,0.11535526147367657
13796-KAR,Two Year,11,111.15,5760.93,0.11528262580799592
49247-MAD,One Year,32,65.2,6623.55,0.11518450880492381
97891-GUJ,Month-to-Month,6,20.05,288.88,0.11502850214799568
92230-AND,One Year,19,70.75,6870.55,0.11495857237581991
33411-GUJ,One Year,3,60.6,5231.81,0.11486279980302894
37737-PUN,One Year,24,71.4,5358.4,0.11484067148826374
47250-HAR,One Year,20,45.05,1790.6,0.1145678486749955
22841-TAM,Two Year,9,105.25,10205.35,0.11444192970818295
71733-UTT,Two Year,22,54.55,731.71,0.11437438373723036
82141-UTT,Two Year,5,84.05,7215.05,0.11435419612279728
49302-GUJ,One Year,4,61.25,1993.2,0.11431976603826956
94910-GUJ,Two Year,17,108.1,6411.82,0.1143139938951429
28634-BIH,Two Year,25,108.0,6719.69,0.11413291774341677
76682-AND,Two Year,32,49.8,2124.42,0.1141164945372284
34212-MAH,One Year,17,54.1,3689.52,0.11386367254790189
89027-UTT,Two Year,6,100.1,6532.15,0.11363049390099426
33345-WES,Two Year,4,109.0,7942.44,0.11359391308432912
48363-ASS,One Year,12,20.6,189.62,0.11348532527298733
68091-HAR,Two Year,18,59.1,1083.14,0.11345719364328848
98939-HAR,One Year,10,66.15,2960.12,0.11343586632253613
55736-TEL,Two Year,10,107.4,10003.07,0.11340332770989553
19889-KAR,Month-to-Month,27,20.05,427.96,0.11324801504075938
75800-BIH,Two Year,26,105.25,9308.35,0.11277755841254639
35755-UTT,Two Year,27,99.35,10304.5,0.11270146877289254
52886-HAR,Two Year,12,84.1,9542.45,0.11251075142803953
66563-ODI,Month-to-Month,5,25.7,1450.56,0.11243741963066438
25196-TAM,Month-to-Month,22,19.65,719.3,0.11232506553942297
57345-TAM,Month-to-Month,13,19.8,515.85,0.11203281494598279
74093-ODI,Two Year,35,69.05,5375.45,0.11198857780607603
38073-ASS,Two Year,35,36.15,2434.45,0.11178215842768009
65421-DEL,Two Year,13,110.5,9749.85,0.11174991772752449
58150-AND,One Year,21,60.05,4431.56,0.11160272254642183
53790-RAJ,One Year,36,19.15,187.64,0.11151909260736283
91057-BIH,Two Year,12,100.45,9426.94,0.11150496849168938
82380-MAH,Month-to-Month,3,20.05,771.96,0.11143366201155225
37551-HAR,One Year,32,50.8,1386.8,0.11124709477783178
83625-JAM,Two Year,5,99.05,7274.7,0.1111504245892953
75748-UTT,One Year,22,79.0,6908.9,0.1109552488976283
82018-AND,Two Year,1,19.9,174.93,0.11079908629448577
72911-UTT,Month-to-Month,17,20.4,305.28,0.11078291677095964
28341-HAR,Two Year,26,109.55,9195.82,0.11068133558465755
46823-UTT,Month-to-Month,9,20.25,198.19,0.11055728126076664
53572-ASS,One Year,22,61.05,5007.63,0.11047623522844774
34220-BIH,Two Year,28,60.0,3479.07,0.11039888119080357
18308-MAH,Two Year,21,105.55,9181.92,0.11022398324904534
93568-TAM,Month-to-Month,12,59.8,5370.2,0.1101378350229755
41417-MAH,One Year,16,58.55,5228.44,0.10993593594386716
51246-TAM,Month-to-Month,10,20.3,634.54,0.10988797275704888
12476-HAR,One Year,21,19.8,334.73,0.10988515155657884
51567-AND,Two Year,17,97.05,4955.2,0.10950219255715657
89478-UTT,Two Year,35,110.45,11311.06,0.10948941795604188
63881-TAM,Two Year,4,111.6,9754.43,0.10946129300714943
57145-KAR,Two Year,10,80.65,6800.6,0.10928985407951132
55132-MAD,Two Year,25,52.85,1783.5,0.10927341717399104
54123-KAR,Two Year,9,71.45,7833.13,0.10897380350573627
79298-AND,Two Year,20,40.55,267.5,0.10878881447155768
27287-UTT,Month-to-Month,25,20.45,727.13,0.10875841192933948
82119-UTT,Month-to-Month,2,20.0,242.9,0.10869322569331502
37245-MAD,One Year,31,45.9,677.18,0.10857709308687108
21960-MAD,One Year,31,70.6,5289.55,0.10827077477866665
48335-BIH,Two Year,17,64.45,2223.76,0.1079529281887854
78146-UTT,Month-to-Month,17,20.3,561.53,0.10793671772653592
33232-PUN,One Year,33,71.1,6754.34,0.10791608907384945
55127-UTT,Two Year,30,108.1,9708.69,0.10788158087227136
69251-JHA,Two Year,11,109.75,9411.3,0.10762383903578084
13626-MAH,One Year,1,40.25,1564.05,0.10750569238961144
87373-UTT,Two Year,26,94.1,7066.6,0.10746896965556928
48932-MAH,Two Year,14,92.15,7882.98,0.10727368690863046
94500-UTT,Two Year,16,93.3,8366.62,0.1069521114135009
38303-UTT,Two Year,17,79.75,4956.9,0.10691969048566027
46810-MAH,Two Year,5,76.1,1569.02,0.10691897216197288
55768-PUN,One Year,8,43.7,2696.55,0.10685738922044183
98512-RAJ,Two Year,18,100.5,9622.15,0.1068090865502022
34680-KAR,Two Year,33,105.35,8525.5,0.10676736479910799
29952-UTT,Month-to-Month,23,24.4,295.5,0.10674269583056592
39309-MAD,One Year,19,19.7,209.96,0.1064868310754526
39950-GUJ,Two Year,16,110.2,8723.46,0.10645679824698924
53563-PUN,One Year,27,54.45,2827.7,0.1063884520663981
62854-MAH,Two Year,2,110.75,7023.82,0.10628338456945415
68180-TEL,Two Year,30,68.25,1436.77,0.10598984022042358
49269-MAH,Two Year,35,89.7,5794.5,0.10594328400219806
77745-KAR,One Year,17,75.1,6960.0,0.10549223376853643
17577-BIH,One Year,9,55.0,3352.93,0.10532815749442533
86202-RAJ,Two Year,31,77.15,2518.86,0.10528749537304675
59410-MAH,One Year,17,35.4,1748.9,0.10523115055887432
24125-MAH,One Year,20,64.75,6436.5,0.1051816887796954
36037-BIH,Two Year,6,104.0,7156.15,0.10514602217851401
86678-UTT,Two Year,26,90.45,7053.69,0.10511515841583427
31937-TAM,Two Year,25,108.55,9885.87,0.10507909487752681
47046-UTT,One Year,30,70.8,5354.15,0.10498579710819551
36140-BIH,Month-to-Month,9,25.55,816.25,0.10492504410686507
95485-MAH,Two Year,22,64.2,497.33,0.10471585402248258
49851-TAM,Two Year,12,110.15,9587.6,0.10470240146640487
11744-TAM,One Year,12,70.15,6557.5,0.10447686111277718
35913-GUJ,Two Year,17,95.2,6452.75,0.10438273005311392
38749-UTT,One Year,15,19.8,226.65,0.10424008637471484
57155-KAR,Two Year,4,56.75,1304.85,0.10415907378742797
74887-UTT,Two Year,10,50.55,3474.55,0.10415384335394079
98764-KER,One Year,9,54.35,2398.09,0.10405740119093702
57681-ODI,Two Year,28,59.9,527.8,0.10391159924342003
22916-AND,Two Year,17,70.05,3893.15,0.10378105713842065
96761-GUJ,Month-to-Month,22,21.2,327.25,0.10372633789689381
11540-MAH,Two Year,20,46.2,2431.95,0.10361830521111928
11098-MAD,Two Year,31,95.1,7315.12,0.10360650042453812
78645-UTT,Two Year,12,99.0,8178.48,0.10350064360444396
29235-KAR,One Year,4,20.65,297.63,0.1034981630536385
42422-KAR,Two Year,25,106.05,4577.04,0.10323940749212701
49261-TEL,Two Year,18,41.95,2965.75,0.1029721837373661
89487-TAM,Two Year,9,80.45,6316.16,0.10283563790785243
69955-GUJ,Two Year,5,105.4,8336.86,0.10273692859194446
89387-MAH,Two Year,11,75.5,8521.55,0.10262970830348192
68840-PUN,Month-to-Month,36,23.5,182.87,0.10255399309491588
64961-MAD,Two Year,7,115.1,10169.89,0.10250359495462541
34174-MAD,Month-to-Month,2,19.7,444.87,0.10232264218235292
85218-GUJ,Month-to-Month,17,19.45,657.17,0.10211956399905268
56072-JHA,One Year,29,77.4,6676.1,0.10195518897254467
31369-BIH,Two Year,22,94.25,7743.19,0.10191294419644772
78146-TAM,One Year,18,64.95,6394.03,0.10191236421520636
73761-UTT,Two Year,8,0.0,6246.21,0.10166894600960985
93408-TAM,One Year,33,55.9,6914.52,0.10160219689871676
19665-GUJ,Month-to-Month,12,19.85,212.85,0.10146452822895989
72788-TEL,One Year,6,59.6,4408.75,0.10104312867771024
92277-MAH,One Year,20,53.45,4022.57,0.1009769847775792
19397-KER,One Year,13,65.2,5736.47,0.10093759051113736
21015-TEL,Two Year,17,107.45,8946.38,0.10092319873354137
93532-DEL,Two Year,13,98.7,10025.7,0.10092088566090385
81889-TAM,Two Year,5,67.25,7416.97,0.10091959235176987
21506-PUD,Two Year,1,41.9,1875.25,0.10077452540359481
75712-JAM,Two Year,32,64.75,5102.1,0.1005607417762882
63610-TAM,Two Year,23,64.25,1396.96,0.10034511968547083
65823-MAH,Two Year,7,110.2,5911.42,0.10025326171652872
17374-MAH,Two Year,12,84.95,7982.45,0.10018764106109354
18775-MAD,Two Year,8,80.8,2847.5,0.10007457669338639
18280-DEL,Two Year,6,102.65,9602.3,0.10003920979408694
83812-MAD,Month-to-Month,11,19.35,447.78,0.09993015758689659
76966-AND,Two Year,24,102.1,10509.91,0.0998471624298647
61376-AND,Two Year,26,104.1,8698.74,0.09973305141507802
32917-AND,One Year,25,80.0,7183.46,0.09952413648371904
53717-MAH,Month-to-Month,3,20.2,199.81,0.09941974226362742
56815-KAR,One Year,2,59.1,5133.82,0.09939242718542518
73022-MAH,Two Year,4,110.8,10729.2,0.09937652876375469
14458-BIH,Two Year,15,82.1,2656.56,0.0993081682942378
61112-KER,Month-to-Month,7,20.05,356.8,0.09914838049722081
14262-AND,Two Year,9,79.95,6883.85,0.09908125706924373
45082-BIH,Two Year,20,111.1,9275.1,0.09907256818801496
46355-TAM,Two Year,29,19.45,231.36,0.09903012205570663
54031-MAH,Two Year,20,98.0,7706.51,0.09900116565137063
67897-MAH,Two Year,29,58.55,1943.37,0.09885252996762228
84563-WES,Two Year,34,116.05,7169.5,0.09868254123123035
93670-MAH,One Year,8,58.35,6334.37,0.09861462850986173
87528-WES,Month-to-Month,9,26.35,413.73,0.09859270048744843
54322-KAR,Two Year,25,108.3,10685.12,0.09842675292380905
43432-UTT,Two Year,1,111.25,10960.47,0.09811409924230528
94501-AND,Two Year,29,70.35,5339.1,0.09805172537843869
18231-MAH,Two Year,9,110.25,9082.15,0.0980399126726481
15291-JHA,Two Year,2,20.55,3413.15,0.0979514837212544
65618-GUJ,Two Year,24,84.65,6214.28,0.09793522153220706
98018-HAR,Two Year,3,97.65,10148.7,0.09776931343747373
61877-CHH,Two Year,34,111.65,11169.77,0.09771681144505653
85160-PUN,One Year,9,62.85,5953.43,0.0975146586343366
33217-ODI,Two Year,7,110.9,11315.79,0.09747129708560863
89630-PUN,Two Year,25,53.85,2364.64,0.09724742714927578
29970-UTT,Two Year,36,34.25,828.2,0.09724107929243377
56802-PUN,Month-to-Month,2,20.9,370.9,0.09720780670292765
64668-JAM,Two Year,35,19.4,856.6,0.09708173782755393
75841-TAM,Month-to-Month,28,26.35,498.0,0.09704362073961882
46752-UTT,One Year,18,74.1,6559.3,0.09684392879631008
59701-MAH,Two Year,17,110.3,10343.62,0.09679691938247365
26845-MAH,Two Year,31,80.7,8799.29,0.09656585794220961
94131-AND,Month-to-Month,17,19.65,301.7,0.09646069914303138
69232-WES,Two Year,5,94.35,5854.23,0.09645478904732854
54584-WES,Two Year,5,110.75,10612.98,0.09615720317829272
43742-TAM,Two Year,11,19.6,232.44,0.09601038200243185
66749-WES,Month-to-Month,31,20.45,434.17,0.09599829711235275
81896-BIH,Two Year,34,74.6,7806.02,0.09572209631231234
13429-MAH,Two Year,14,94.6,6029.98,0.09567924421704013
45247-GUJ,One Year,24,20.05,444.42,0.0955220580135527
76279-MAH,Two Year,32,74.35,5723.54,0.09527378828982229
81174-AND,Two Year,7,108.5,9330.46,0.09524181268843328
61730-AND,Two Year,21,78.5,7932.89,0.09520822343325015
61893-TEL,Two Year,12,73.35,789.4,0.09517048922723931
63314-PUN,One Year,31,73.0,6533.2,0.09493662271685949
45698-HAR,Month-to-Month,2,25.4,1612.49,0.09487591866224555
28602-UTT,Two Year,1,104.05,7069.48,0.09483517527151576
92273-WES,Two Year,7,109.55,11347.5,0.094809622972572
18488-BIH,Two Year,21,100.05,8734.1,0.09463872814292495
76384-ODI,One Year,23,19.65,436.81,0.09442813199864812
29555-BIH,Month-to-Month,16,19.6,419.96,0.09436089677425646
72495-TAM,One Year,31,75.0,6056.4,0.09433733029905618
19988-ODI,Two Year,23,79.95,6346.19,0.0942880923050307
76362-PUN,Month-to-Month,18,19.6,210.01,0.09393283135776126
97908-GUJ,Two Year,9,35.4,550.4,0.09381474459683162
63688-HAR,One Year,11,56.15,3981.47,0.09350390149505773
12836-JHA,Two Year,11,110.05,7801.58,0.09347874823087668
18417-GUJ,Two Year,18,50.5,2566.3,0.09345478012912856
66668-KAR,One Year,9,20.45,618.3,0.09323936908643922
71869-WES,Two Year,9,24.65,2861.95,0.09323899608147453
96611-TAM,Two Year,18,106.65,7167.18,0.093044335575349
46015-JAM,Two Year,34,61.45,4213.19,0.09297269729802092
96000-KAR,Two Year,19,111.8,6047.01,0.09296620537992051
69085-KAR,Two Year,16,100.55,10481.58,0.09294555148167395
15066-HAR,Two Year,9,84.8,8542.97,0.09292566716164603
47077-WES,Two Year,3,35.05,844.45,0.09280454880105155
87696-TEL,Two Year,29,40.55,1325.85,0.09269423733933349
55440-GUJ,Two Year,4,94.3,3946.76,0.09261113839843207
53591-TAM,Two Year,26,38.55,280.0,0.0925864885747672
42152-DEL,Two Year,7,118.75,11634.53,0.09254511428662278
59588-RAJ,Two Year,4,105.25,9967.74,0.09248477513352031
25757-JHA,Month-to-Month,33,20.6,504.25,0.0924796322355013
48026-WES,One Year,23,20.2,183.11,0.09242815607326395
77534-MAD,Two Year,7,73.5,2845.79,0.09210036277050859
21495-KAR,One Year,21,19.7,359.23,0.09203296000144218
45432-KER,Two Year,30,100.65,10335.01,0.0920251114788324
19572-MAH,Two Year,3,63.55,1760.64,0.09190675145701034
36138-KAR,Two Year,29,65.5,753.79,0.09184551418591431
11180-TAM,Two Year,27,72.6,4556.43,0.09171268254363799
55149-MAD,Two Year,6,88.8,6631.85,0.09117267151407682
41842-PUD,Two Year,24,72.95,7274.09,0.0910975159817225
49376-WES,Two Year,15,49.65,305.55,0.09097756939664972
79738-UTT,Month-to-Month,6,19.25,1941.0,0.09092640654594464
46634-BIH,Two Year,8,76.15,944.04,0.09087918951821634
45334-TAM,Two Year,23,80.3,4751.09,0.09067458161499528
13751-PUN,Month-to-Month,6,20.05,732.97,0.09066331576954746
11392-KAR,Two Year,32,112.55,8041.79,0.09065704443479242
22846-HAR,Two Year,21,85.25,7276.86,0.09053487025058717
13281-GUJ,Two Year,2,107.7,10939.48,0.09050446833985645
93306-TEL,One Year,15,59.8,4475.55,0.09048338611455642
45697-KER,Month-to-Month,22,20.3,784.42,0.09047648814476905
58818-MAH,Two Year,9,24.1,2365.95,0.09027462933285654
13339-KAR,One Year,20,49.7,5575.25,0.09023545372601044
54294-PUN,Month-to-Month,14,19.35,681.64,0.09008501204858313
11535-WES,Two Year,23,58.75,3038.55,0.09007108034890145
47223-MAH,Two Year,19,65.55,7734.13,0.08985929300185724
19806-WES,Two Year,36,115.05,5952.89,0.08981121780955238
47060-TAM,Month-to-Month,2,19.45,938.45,0.08966935484146002
94889-MAH,Two Year,6,95.5,6794.48,0.08962182181727119
77407-ODI,Two Year,4,109.65,8386.33,0.08909563592620312
83519-HAR,One Year,17,39.65,1798.65,0.08904343645777904
44048-AND,Two Year,10,82.15,7369.02,0.08898206938404107
44816-RAJ,One Year,1,41.1,2258.25,0.08892201263963137
71481-WES,One Year,15,58.25,6934.98,0.0889219730956309
98053-TAM,Month-to-Month,22,20.25,424.21,0.08866757717281269
54954-ASS,Two Year,34,104.15,7639.36,0.08862780344575097
31725-KER,Two Year,10,97.95,9871.85,0.08853266103876341
42508-MAH,Month-to-Month,4,20.0,389.6,0.08848544273648067
98639-UTT,Two Year,28,61.45,4319.57,0.08821294920429279
39554-UTT,Month-to-Month,12,20.35,732.13,0.08803978349983917
45810-TAM,Two Year,23,110.35,10121.1,0.0879823309160671
21116-ASS,One Year,34,66.4,4905.74,0.08790237343593187
27174-TEL,Two Year,20,42.1,2962.0,0.08788435248315442
31406-WES,Two Year,31,48.7,3128.55,0.08786337814551014
81021-TAM,Two Year,12,79.05,6335.58,0.08760689876598735
44835-HAR,Month-to-Month,19,19.55,581.31,0.08735873953077704
58352-TAM,Two Year,6,70.65,8115.79,0.08722264200368969
77508-PUN,Two Year,4,106.3,8077.64,0.08717846986855284
11251-UTT,One Year,19,25.2,265.72,0.08620311792574496
61889-AND,Two Year,23,117.6,11688.9,0.08610955807237408
47587-KER,One Year,5,0.0,541.8,0.08606544074928828
15506-UTT,One Year,28,25.35,851.4,0.08599261090412648
59635-TAM,Two Year,14,61.9,918.5,0.08565162540353177
52338-KER,One Year,6,19.9,286.55,0.08545143710549054
22646-TEL,Month-to-Month,4,19.6,897.45,0.08507404491807098
75647-RAJ,Two Year,20,53.3,4333.4,0.08475547234500601
98098-TAM,One Year,5,0.0,6582.03,0.0846906574225294
18125-TEL,Two Year,36,99.15,9500.02,0.08468666372961911
13072-TAM,Two Year,2,40.05,2799.75,0.0846816113912826
35612-TEL,Two Year,6,90.95,7717.99,0.08445831736777624
43443-UTT,Two Year,16,59.7,1731.37,0.08443808796738071
41634-KAR,One Year,15,20.15,428.11,0.0843131112947808
59124-MAH,Two Year,24,106.35,10221.85,0.0841604795875186
72664-JAM,Two Year,36,108.15,6934.77,0.08382319475311494
97111-KAR,Two Year,12,109.9,10641.72,0.08361596437741824
34323-KAR,One Year,22,53.75,5238.33,0.08361021645646785
37267-MAH,Two Year,30,80.45,7549.43,0.083555881753395
48809-HAR,Two Year,35,74.65,6595.11,0.08350363498435721
25668-UTT,Two Year,10,108.2,8862.28,0.08340197001623796
47227-MAD,Two Year,32,79.4,5190.85,0.0833744431653915
27131-TAM,One Year,24,60.25,5010.91,0.0832498001798555
72055-GUJ,Two Year,29,109.2,10406.22,0.08324654227246443
56797-TAM,Month-to-Month,2,25.25,838.1,0.08321871933962822
55305-JHA,Two Year,28,66.25,3330.1,0.08316887333682675
57571-RAJ,Month-to-Month,6,20.4,545.0,0.08316081558543913
34904-WES,Two Year,23,76.1,5240.56,0.08312238688437108
35603-UTT,Two Year,34,74.55,4957.17,0.08311628078795551
97260-MAH,Two Year,29,49.2,3580.95,0.08301600540103182
59500-HAR,Two Year,17,90.45,6283.02,0.08297924820193264
13047-KER,Two Year,12,20.05,259.37,0.0829464837017948
24805-BIH,Two Year,26,65.0,4560.15,0.08283278438838802
53111-GUJ,Two Year,15,110.15,8994.0,0.08280656736117563
33682-AND,Two Year,4,19.55,185.16,0.08269655962845467
59298-TEL,Two Year,34,114.35,10295.73,0.0825577342861962
23403-WES,Two Year,6,55.25,5683.45,0.08228394431552077
24231-RAJ,Two Year,6,111.9,11514.81,0.08225295784948854
61505-PUN,Two Year,5,99.65,5107.59,0.08220398349141599
14600-ASS,One Year,30,20.5,257.97,0.08217062027393322
88514-BIH,Two Year,19,86.4,6651.25,0.08203478230541425
55473-AND,Month-to-Month,5,20.25,1129.39,0.08192847694344388
54491-TAM,Month-to-Month,20,18.9,1024.85,0.08184865164666308
92186-PUN,Two Year,12,58.25,4145.9,0.08159288980613252
74508-PUN,Two Year,3,107.45,7771.82,0.08131088340963702
89636-KAR,Two Year,9,49.85,3210.35,0.08129246710325244
71785-AND,One Year,25,20.15,580.74,0.08125403525230598
86106-WES,Month-to-Month,29,20.15,1182.04,0.08115133826296429
49037-TEL,One Year,1,19.45,793.63,0.08110960513338895
88521-WES,One Year,1,64.15,5482.76,0.08106671646454017
83214-TAM,Two Year,26,78.95,7605.03,0.08101997257573422
73787-UTT,Month-to-Month,29,20.45,619.8,0.08086347567968984
43254-HAR,One Year,32,65.85,6542.5,0.08076823099509087
94792-TAM,Two Year,33,53.1,1901.25,0.08075441921655153
44218-GUJ,Two Year,20,114.6,8448.86,0.08069620795562008
31535-PUN,Two Year,16,40.55,1440.85,0.08066993500210584
77359-KAR,One Year,14,69.35,7069.33,0.08062981761133603
93453-UTT,Two Year,10,105.85,9097.35,0.08060139561029013
44394-AND,Two Year,22,104.05,6910.19,0.08056656213978694
71937-ODI,Two Year,13,109.05,7359.53,0.0805153329313539
13429-WES,Two Year,11,84.2,8711.03,0.08038156793920709
73999-HAR,Two Year,17,55.65,3065.65,0.07995261326949135
64452-AND,Two Year,26,53.8,3952.45,0.0799082053080205
26453-TAM,Two Year,9,57.5,3415.95,0.0797843295700253
35974-ODI,Two Year,18,59.6,3448.66,0.07974884648947925
52408-WES,Two Year,22,34.6,813.45,0.07960303464438012
97934-DEL,One Year,21,19.55,289.45,0.0795830017835839
85472-BIH,Two Year,5,66.5,4222.67,0.07953854507517145
71517-AND,Two Year,24,101.0,9959.0,0.07937765882518714
44984-KER,One Year,14,20.25,285.3,0.0792739954765019
94316-BIH,Month-to-Month,22,19.45,463.69,0.0792626323797672
56689-PUN,Two Year,5,60.0,2768.65,0.07923631762590325
14424-JHA,Two Year,13,59.8,4473.15,0.07916175830974947
46640-PUN,Month-to-Month,31,19.4,1087.62,0.07903559092892389
33968-MAD,Two Year,34,79.2,4875.86,0.07902039570887802
81957-RAJ,Two Year,18,66.15,4069.73,0.07883735038053694
22108-BIH,Month-to-Month,21,25.15,833.37,0.07872106208850027
85284-KAR,Two Year,36,55.25,2637.75,0.07869724156110977
22828-HAR,Two Year,36,114.45,8827.93,0.07867713709466234
21061-MAD,One Year,1,20.3,1133.91,0.07861745218913804
99593-UTT,One Year,12,19.45,2916.86,0.07852767237094473
37371-UTT,Two Year,10,46.0,2514.05,0.07822017424249222
83677-HAR,One Year,29,53.65,4782.82,0.0781981571859119
42045-BIH,Month-to-Month,35,19.85,738.06,0.07795089459764726
94955-MAH,Month-to-Month,33,20.8,515.14,0.07765032234767148
19475-PUN,One Year,34,60.5,6281.33,0.07759431449999867
92996-PUN,Two Year,5,109.75,9421.78,0.07754474438823836
74106-TEL,Two Year,24,88.55,9172.3,0.07750009951746485
72961-TEL,Two Year,7,64.2,4712.42,0.0774960518738522
98831-DEL,Month-to-Month,8,19.45,1796.15,0.07741899595197936
99884-JAM,Two Year,7,55.5,3252.79,0.07731137230243407
98198-WES,Two Year,7,55.5,3166.9,0.07727050708006114
89530-KAR,Two Year,33,116.0,10840.73,0.07710256932164826
59386-AND,Month-to-Month,27,19.9,892.75,0.07703434850346293
41197-PUN,Two Year,21,85.4,3962.76,0.07660412757437036
21486-TAM,Two Year,8,54.15,6035.47,0.07656255192781591
95958-MAH,Two Year,9,108.9,4946.3,0.07638425818063725
71651-PUN,Two Year,10,113.95,9537.56,0.07634291735072692
33414-GUJ,Two Year,8,111.3,8985.11,0.07621196953025416
21885-BIH,Month-to-Month,28,19.85,774.6,0.07616685747730272
92115-UTT,Two Year,32,81.35,8430.35,0.07608479724172329
69346-AND,Two Year,4,110.6,8273.24,0.07591868415536118
28035-DEL,Month-to-Month,12,19.25,895.29,0.07591514227153723
63480-TEL,One Year,6,0.0,1884.46,0.07574678452822979
31840-JAM,Two Year,7,75.15,5467.45,0.07571534600140988
45159-WES,One Year,33,66.15,6789.94,0.07568297071381981
59170-HAR,Two Year,7,72.1,8080.25,0.0756058777238202
87121-TAM,Two Year,23,113.65,9151.65,0.07558561964264325
91827-UTT,Month-to-Month,6,20.45,748.67,0.07550967060603597
32131-KAR,Two Year,4,63.3,6263.72,0.07538527651220099
45522-HAR,Month-to-Month,21,20.4,861.61,0.07527583829480244
16820-UTT,Two Year,32,59.55,2016.3,0.07524179795909769
43005-RAJ,Two Year,5,115.8,9361.38,0.07512848304727032
73324-MAH,Two Year,4,35.1,770.4,0.07512366755599886
37202-BIH,One Year,11,24.95,587.24,0.07505236965272868
97172-WES,Two Year,31,56.55,3992.65,0.07503176365066959
81988-PUN,One Year,35,54.75,5457.89,0.07501735935250019
75045-ASS,Two Year,20,79.6,8887.51,0.07495831897399906
72525-KAR,Two Year,13,39.7,1932.75,0.07495672188639135
49488-UTT,Month-to-Month,8,19.9,1489.52,0.07485232236575054
78016-TAM,Month-to-Month,23,19.75,825.24,0.07482569514612827
17111-MAH,Month-to-Month,16,20.7,191.91,0.07469258542188639
61073-TAM,One Year,12,19.9,541.07,0.07457451134556796
41510-TAM,Two Year,12,109.25,8489.76,0.07448605502988027
24607-TEL,Month-to-Month,8,19.7,718.77,0.07447846529252758
22101-JAM,Two Year,1,88.7,9733.22,0.0744333055921222
16297-HAR,Two Year,32,99.9,8955.22,0.07438533448393876
91571-MAD,Two Year,14,106.1,8118.92,0.07400076556578247
24866-HAR,One Year,1,20.65,2195.55,0.0739743217830153
79129-KAR,Two Year,1,115.1,8228.76,0.07390757223778652
24268-KER,Two Year,6,110.8,9023.45,0.07355902414092927
56778-PUN,Two Year,36,80.55,3355.72,0.07341761171721171
51284-MAH,Month-to-Month,17,19.75,691.54,0.07334948608704063
69470-PUN,One Year,19,19.7,659.84,0.07334625359933362
11647-TAM,Two Year,21,93.75,5751.52,0.0732126471496876
71231-RAJ,Two Year,6,111.15,9311.79,0.0730367233955175
78860-ODI,One Year,4,19.0,285.56,0.07296164233546312
82900-HAR,Two Year,23,61.3,4410.24,0.07293809974295767
13189-PUN,One Year,18,19.7,700.7,0.07279243706723035
83174-BIH,One Year,6,19.9,200.78,0.0727543149322556
43029-TEL,Two Year,34,99.65,6886.81,0.07266652303955021
79054-TEL,Two Year,35,84.8,6538.37,0.0726467690068431
72206-RAJ,Two Year,4,84.7,6795.71,0.07264448807279617
38496-UTT,Two Year,4,115.05,11340.82,0.07263433161037028
27314-WES,One Year,28,64.65,6371.47,0.07253366757383721
48768-MAD,Two Year,26,114.9,11979.34,0.07250409551020058
53249-JAM,Two Year,1,35.75,830.8,0.07247878005275958
48183-UTT,Two Year,1,111.65,9351.09,0.07236087485095778
47348-KAR,Two Year,18,110.3,8351.54,0.0722950672467015
57152-HAR,Two Year,2,43.95,2960.1,0.07228860100628662
73910-MAH,Two Year,10,97.0,9897.08,0.07222163052498098
71120-TAM,Two Year,15,110.1,6906.04,0.0722204601404523
82183-WES,Two Year,6,115.6,10858.08,0.07219734041248779
51630-MAH,Two Year,6,108.4,9804.61,0.0714314540840545
23293-GUJ,Month-to-Month,3,19.2,682.1,0.07139483305241955
84741-MAH,Two Year,23,109.7,8611.41,0.07127747535679818
78124-WES,Two Year,10,97.75,8488.48,0.07121961197605442
62377-WES,Two Year,15,39.35,2395.05,0.07114508811236256
55376-MAH,Two Year,13,90.15,7427.81,0.07114239375494567
49620-UTT,Month-to-Month,32,19.45,834.0,0.07109573252074429
46274-HAR,Two Year,23,20.25,301.53,0.07098293791231557
45565-BIH,Two Year,12,113.0,11221.6,0.07084230880720203
96211-HAR,Two Year,35,78.6,2360.97,0.07076494537990291
35808-TEL,Two Year,9,63.25,5876.93,0.07076297114096201
83915-AND,Two Year,28,63.8,4500.07,0.07071434827424063
75707-KAR,Month-to-Month,16,20.15,958.15,0.07069268731865752
52348-MAD,Two Year,14,116.45,11596.99,0.07064581729943378
53100-GUJ,Two Year,24,59.75,4550.54,0.07031175898143929
72122-TAM,One Year,30,71.5,5783.45,0.07030042930195611
19592-UTT,Two Year,17,110.1,8718.53,0.0702238605371453
93440-AND,Two Year,23,118.65,9748.5,0.07013210692010691
47672-KAR,Two Year,35,45.4,1548.97,0.07004237418299886
46144-AND,One Year,1,20.55,3227.46,0.06996626535887979
54479-GUJ,Two Year,15,74.45,4089.89,0.06979837809475996
33831-PUN,One Year,30,61.35,5125.35,0.06971962592536535
81449-TAM,Two Year,25,85.3,7270.88,0.06961271437480661
73335-GUJ,One Year,2,19.3,639.4,0.06952649779973803
92849-MAH,Two Year,2,116.25,9004.24,0.06948878604082259
63724-WES,Two Year,24,40.1,857.75,0.06946462832049084
88605-TAM,Two Year,9,60.0,2193.2,0.06936758420921806
31401-RAJ,Two Year,9,114.0,9982.85,0.06896351520090284
68655-TEL,Two Year,3,109.1,8548.35,0.06891951164819836
32391-BIH,Two Year,29,92.45,6313.04,0.06876881913147372
15776-UTT,Two Year,19,45.05,2560.1,0.06875077493445192
37584-KAR,Two Year,13,58.6,3433.25,0.06866717227248081
76793-BIH,Two Year,20,111.05,10462.68,0.06866704429383945
12382-WES,Two Year,7,81.0,3922.8,0.06854145166314239
24950-TAM,Two Year,1,79.85,7545.61,0.06839359409038992
25273-PUN,Two Year,22,75.55,2995.74,0.06838309774800172
38933-UTT,Two Year,10,65.15,7561.78,0.06825784493693675
41319-CHH,Two Year,32,40.55,590.35,0.06824083132825645
87515-TAM,Two Year,25,54.65,3585.25,0.0681668379974324
14030-UTT,Two Year,6,56.8,3241.85,0.06810544218835773
67713-WES,Two Year,14,72.1,5658.64,0.068067727265071
86082-MAH,Two Year,21,63.35,5357.96,0.06801525623711628
18347-GUJ,Two Year,36,47.4,3177.25,0.06800125566903296
24599-JAM,Two Year,7,72.0,4681.62,0.06799388908229922
38298-ODI,One Year,8,20.2,618.66,0.06777651656913526
21157-TAM,Two Year,19,80.9,6354.41,0.06751009471623724
82098-RAJ,Two Year,2,115.5,11033.9,0.06744352050542389
96225-GUJ,One Year,5,19.35,689.08,0.06732807576441475
14676-TAM,Two Year,35,86.1,6284.62,0.06727785226068157
69296-HAR,One Year,30,20.25,406.28,0.0671818594186257
61530-PUN,Month-to-Month,13,20.45,889.93,0.06704030210250647
65099-KER,Month-to-Month,34,19.55,987.6,0.06681439412886403
43358-KAR,Two Year,12,38.5,2763.0,0.06671108600388088
42502-MAD,Two Year,26,115.15,9045.2,0.06671050996240349
73829-MAD,Two Year,7,53.35,3190.05,0.06662988197028902
62725-PUD,One Year,25,24.9,951.75,0.06656903361803793
46082-KAR,Two Year,8,104.9,10052.49,0.06636203069388863
62656-MAH,Two Year,14,111.3,11501.82,0.06634534406213624
74405-ODI,Two Year,34,0.0,8502.45,0.06629199063856045
97262-ODI,One Year,23,67.05,6876.4,0.066214022940715
23255-KAR,Two Year,23,71.05,2012.29,0.06592202822907303
36918-GUJ,One Year,23,20.0,273.93,0.06588491217798823
28434-WES,Two Year,21,19.85,283.32,0.06580648322918568
53438-MAD,Two Year,5,19.75,2636.14,0.06577533055578234
34824-UTT,Month-to-Month,24,20.5,808.22,0.0657032289322107
29841-UTT,Two Year,11,49.85,1520.1,0.06563516914760568
12377-UTT,One Year,2,24.35,1642.96,0.06534823588520945
24154-BIH,Month-to-Month,11,20.4,820.9,0.06534191976316693
81519-UTT,Month-to-Month,25,20.05,806.4,0.06523111794899446
41056-HAR,Two Year,30,59.9,6345.94,0.06520342265172056
13623-TAM,Two Year,29,79.6,8776.4,0.06513134799249984
95836-TEL,Month-to-Month,6,21.1,963.89,0.06501874630516431
41202-UTT,Two Year,31,115.55,11868.34,0.0646997253691122
31904-MAH,Two Year,15,96.6,8849.98,0.06467945620465682
95520-MAH,Two Year,10,80.6,8526.9,0.06464818173817187
17096-GUJ,Two Year,1,105.5,9573.55,0.06457967963496383
35703-RAJ,Two Year,26,114.5,8735.15,0.06442874074026915
61308-ODI,Two Year,7,20.75,1613.47,0.06427885890653726
75116-ASS,Two Year,18,70.35,6860.65,0.06426504021893716
42850-JHA,One Year,35,19.55,2614.33,0.06419656088485534
33317-RAJ,Two Year,25,62.8,2428.28,0.06412529213641552
17735-MAD,Two Year,25,80.8,7495.96,0.06410130211047783
29633-HAR,Two Year,13,96.35,10105.37,0.06407075496002794
53303-BIH,Two Year,31,84.8,6687.15,0.06401129397269663
36802-GUJ,Two Year,11,65.3,4524.86,0.0639915540357449
43577-TAM,Two Year,21,86.6,6947.38,0.06395544716285978
22151-MAD,Two Year,36,105.05,9465.11,0.06392047490698462
58176-WES,Two Year,36,50.55,5442.96,0.06386566802312314
64151-GUJ,Month-to-Month,21,20.25,1039.87,0.06378913516794356
33702-MAH,Two Year,9,67.45,5450.19,0.06375243175684013
89024-MAH,Two Year,28,73.25,6125.84,0.06370031439408058
51722-WES,Two Year,20,86.9,8012.25,0.0636957201287282
44650-MAH,Two Year,36,54.6,3423.5,0.06367807754006985
29541-KAR,Month-to-Month,29,20.0,835.45,0.06357341784482065
96283-HAR,One Year,9,0.0,505.1,0.06356155177970103
12266-HAR,Two Year,5,79.65,4299.42,0.06353626499105627
31144-GUJ,Two Year,3,84.45,7103.69,0.06353205435224853
59527-HAR,One Year,35,25.6,884.74,0.06349081649412024
17347-UTT,Two Year,36,114.85,10385.79,0.06337083023069336
99962-AND,Two Year,1,91.6,5624.84,0.06326998258011308
22705-MAH,Two Year,22,90.35,7254.6,0.06319879261644579
22972-MAD,Two Year,12,80.2,9250.84,0.06314893345878661
62989-TAM,Two Year,21,113.65,8473.52,0.06312031911627168
81651-HAR,Month-to-Month,14,20.05,701.85,0.06294378017238453
79734-ASS,Two Year,10,53.7,498.03,0.0629266506069587
45099-TAM,Two Year,31,89.85,10190.07,0.06274884253000497
73074-WES,Month-to-Month,14,20.4,1050.04,0.06271158482552174
74699-GUJ,Two Year,21,93.25,6812.79,0.06263415519029975
65346-UTT,Month-to-Month,36,24.8,605.47,0.06258002113419664
85963-JHA,Two Year,12,19.55,168.55,0.06235342768252951
87826-TAM,Two Year,1,50.9,3281.65,0.062266017409943496
33572-UTT,Two Year,3,59.85,4852.09,0.06218802255629754
54803-UTT,Two Year,31,110.0,8145.55,0.062061407001833914
93124-MAD,Two Year,15,75.2,4410.74,0.062037088318893666
22443-UTT,One Year,33,19.55,560.92,0.06198772258678449
13828-UTT,Month-to-Month,22,25.55,1244.4,0.06179455472778308
97189-KAR,Two Year,20,19.65,494.79,0.061790073176097
19256-JAM,Two Year,21,74.35,6526.52,0.061756019011072374
78511-UTT,Two Year,16,69.2,7851.47,0.06163480498623413
19644-KAR,One Year,2,20.6,2224.7,0.0615607839903135
48942-TEL,Two Year,6,85.25,8366.45,0.061224789738595055
75857-MAH,Two Year,24,92.65,8893.0,0.06119533938448784
18223-MAD,Two Year,2,39.4,825.4,0.06112965246265953
23164-TAM,Month-to-Month,22,24.85,977.42,0.061121739725426005
48217-KAR,Two Year,8,99.5,7733.46,0.061095794668460865
15644-ASS,Two Year,3,85.15,8646.12,0.06107424458474802
97768-PUN,Two Year,11,74.0,7750.07,0.06082022487269067
12429-JAM,Month-to-Month,16,24.25,1167.51,0.06080254283756765
97872-HAR,Month-to-Month,4,19.15,1357.07,0.06073916951904641
85703-WES,Two Year,1,56.05,560.5,0.06057246407710007
55437-TAM,Two Year,35,38.25,1755.35,0.06054826363113322
11850-MAH,Two Year,6,75.15,3902.9,0.060501160295460835
23807-JAM,Two Year,20,101.1,10471.7,0.060451262862257785
99547-KAR,One Year,8,20.3,973.81,0.0604288938879447
93482-RAJ,Two Year,6,105.6,8024.3,0.06040902335006352
81494-KAR,Two Year,25,113.4,8348.42,0.06031829082636225
55091-JAM,Two Year,10,19.7,934.96,0.06013768146291604
52218-JAM,Month-to-Month,13,20.45,928.71,0.06013215011898469
35560-UTT,One Year,23,20.1,745.45,0.06007483107447161
22520-AND,Two Year,18,0.0,7095.54,0.060042000196963735
22354-PUN,Two Year,16,79.2,3359.87,0.05974384341716754
66391-KER,Two Year,21,112.75,10729.88,0.059666963042108445
34084-TEL,Two Year,2,48.15,2032.3,0.05958717865631257
49140-PUN,One Year,6,20.4,1878.75,0.05957778881263167
53716-GUJ,Two Year,25,70.1,3482.0,0.05931405648256661
58852-ASS,Two Year,21,19.5,296.95,0.05925933979319281
86904-JAM,Two Year,17,73.6,2936.51,0.059235190499635305
81316-WES,Two Year,34,82.3,9302.83,0.05920580348844221
16322-KAR,Month-to-Month,11,19.6,1590.42,0.059112396312040204
77938-MAD,Two Year,11,57.8,4038.29,0.059100256736347334
25784-PUN,Month-to-Month,24,20.6,865.29,0.05904495211909239
76695-ASS,Two Year,11,69.75,5954.38,0.05898368747327564
22829-TAM,Two Year,29,64.05,3886.85,0.05894794711494356
59174-AND,Two Year,13,52.5,1208.15,0.05893311936984677
88324-TAM,Month-to-Month,10,20.65,1044.84,0.05891337237891977
76590-GUJ,Two Year,35,71.1,8477.46,0.058905569462075584
98785-AND,Two Year,27,114.95,8735.35,0.05888325084062855
94050-WES,Two Year,7,69.15,2667.25,0.058671772001521724
65797-JHA,One Year,4,20.35,1045.14,0.05866726492554264
66839-UTT,Two Year,35,45.25,2933.95,0.05850918712397071
34626-BIH,Two Year,5,54.85,916.15,0.05849605048200047
46435-JAM,Two Year,31,79.15,8291.0,0.058357543003227985
64910-PUN,Two Year,30,70.9,6725.86,0.05826577508078493
91728-AND,Two Year,6,50.65,4779.37,0.058255120674013235
45651-TAM,Two Year,5,69.9,5609.51,0.05820321912143947
59239-AND,Two Year,13,79.2,5747.98,0.05816116032523805
64001-KAR,Two Year,2,115.85,8856.06,0.05806332289644649
14486-HAR,Two Year,19,90.2,6529.53,0.05797775187278475
19901-JHA,One Year,32,19.5,2418.93,0.057949537521555294
52378-JHA,Two Year,13,89.55,5515.42,0.05785739660351639
98366-PUN,One Year,6,19.65,591.85,0.05775902748770386
33844-KAR,Two Year,8,71.9,7162.37,0.05775597099920115
64023-JHA,Month-to-Month,27,20.15,977.35,0.057601529675820884
92725-ODI,One Year,23,19.75,2886.55,0.057594536707891525
68581-AND,Two Year,7,113.65,10167.59,0.05756291444565871
88381-WES,Two Year,18,88.0,6636.05,0.05755748147197697
17217-MAD,One Year,30,19.5,382.95,0.057529779129858426
59212-UTT,One Year,20,21.25,219.49,0.05752565668619552
26896-KAR,Two Year,19,116.6,9843.63,0.05751888667366538
31509-KAR,Two Year,19,59.75,5174.36,0.05747572050992436
92231-WES,Two Year,26,20.85,253.33,0.05743755263596667
72610-MAH,Month-to-Month,34,20.3,844.58,0.05734446839503912
11167-WES,Two Year,28,116.05,10237.91,0.05728116990337182
58920-WES,One Year,14,23.75,657.96,0.057235047048890736
73973-RAJ,Two Year,7,118.6,8039.2,0.05721537471759523
26538-AND,Two Year,25,60.75,2893.4,0.057202818406848654
61611-DEL,One Year,36,19.5,846.7,0.057037192494803705
14094-AND,One Year,6,18.8,605.43,0.05703585831547724
47300-MAD,One Year,18,19.9,579.48,0.05702246453923759
86594-CHH,Two Year,21,79.6,6446.7,0.05701623101546989
45333-RAJ,Two Year,19,75.95,5030.87,0.057007615734412036
19013-JAM,Two Year,34,80.7,5905.65,0.056992624415870136
98056-CHH,Month-to-Month,25,19.25,1335.85,0.05698099863134946
18943-KAR,Two Year,26,20.1,250.65,0.05690645979928991
27151-HAR,Two Year,7,83.3,7885.26,0.056870488589204404
97405-KER,One Year,31,20.05,359.5,0.05682378738526842
33812-PUD,Month-to-Month,8,19.4,1035.8,0.056796568459345866
24356-UTT,Two Year,16,112.1,8275.39,0.05671994529554227
13682-RAJ,Month-to-Month,34,20.2,1273.49,0.05670718139224545
75732-HAR,Month-to-Month,35,19.95,1340.61,0.05667940883074329
37275-RAJ,Two Year,36,108.95,9405.72,0.05663143662577599
28113-HAR,Two Year,17,76.1,7710.15,0.05662535428709863
52998-GUJ,Two Year,1,86.05,9811.57,0.05656208563383082
24936-KAR,Two Year,4,54.2,4578.5,0.056396235169320935
39253-UTT,Two Year,14,80.65,8327.39,0.056349123260033995
96954-BIH,One Year,15,20.6,255.02,0.056334459431456166
82943-KER,Month-to-Month,3,19.6,938.55,0.05631908002116807
29743-GUJ,Two Year,36,83.6,6883.78,0.056272021716119835
69345-ODI,Two Year,7,34.2,1772.61,0.056253881537679115
54289-BIH,Month-to-Month,34,19.15,954.85,0.05621342265523335
16142-TAM,Two Year,34,0.0,9675.07,0.056193565714269055
34924-HAR,Two Year,1,25.4,343.68,0.05611964544161488
73362-HAR,Month-to-Month,16,19.6,1037.38,0.05609754121029636
12657-JAM,Two Year,33,112.6,9372.25,0.05604438952213269
27711-MAH,Two Year,2,82.55,7835.56,0.05599547359451247
62371-KAR,One Year,29,19.7,1320.45,0.05577851801170771
66980-GUJ,Two Year,11,59.55,4103.9,0.05569031037957773
33345-MAH,Two Year,17,84.9,6161.78,0.05551370405725815
81375-HAR,One Year,21,19.45,480.87,0.05549557039058635
26377-ODI,Two Year,4,54.65,4588.15,0.05538224595504939
18699-HAR,Two Year,5,19.35,419.06,0.05534334420562705
19088-JAM,Two Year,11,89.65,6739.15,0.055310819859067294
89254-GUJ,Two Year,19,115.55,9679.97,0.055303523041923104
36905-PUN,Two Year,1,69.9,4512.79,0.05526312414347025
41614-UTT,Two Year,23,84.6,5781.1,0.055204889704440596
36437-MAH,Two Year,21,0.0,7877.57,0.05514656214747802
74742-WES,Two Year,31,81.3,6170.0,0.05514571569591919
54466-MAH,Two Year,14,90.5,4870.13,0.05502445051022898
84182-TAM,Two Year,7,64.45,7072.24,0.05493310664383552
28751-WES,Month-to-Month,11,19.9,1098.51,0.05485691575235947
87275-TAM,Two Year,36,64.45,4528.0,0.05484239207250416
95011-BIH,Two Year,11,86.45,4480.94,0.054821855535725536
88685-WES,Two Year,6,116.1,10842.48,0.05480973732786161
69527-UTT,Two Year,10,64.35,2675.61,0.05465353159258737
57571-TAM,Two Year,4,25.1,2190.44,0.05449792756814036
81665-MAH,Two Year,26,68.95,6445.6,0.05438517772474927
31070-UTT,Two Year,4,109.5,10175.46,0.05427572941789611
85577-JAM,Two Year,5,54.5,7208.92,0.054068567625080194
62078-GUJ,Month-to-Month,5,20.8,2104.19,0.05405230104906934
76011-TAM,Two Year,25,114.45,9896.95,0.0540164217639774
22752-MAH,Two Year,6,73.9,4304.87,0.0540140001662189
27188-KAR,Month-to-Month,26,0.0,1035.85,0.05399746911642437
26661-TEL,One Year,6,24.8,1622.06,0.05396786218765618
98497-GUJ,Two Year,27,79.8,5668.46,0.05396638559980713
83591-WES,Two Year,3,44.6,3058.15,0.05395412620571437
14646-UTT,One Year,24,19.85,388.26,0.05392370281104692
97179-BIH,Two Year,7,100.2,9600.99,0.05377601562521189
12210-DEL,Two Year,31,20.3,455.86,0.05373558871392693
69387-RAJ,Two Year,29,60.5,6288.85,0.05371185003195105
61243-UTT,Two Year,2,19.6,2532.68,0.053679606493427366
65550-WES,Two Year,11,48.4,3442.8,0.05361805874073775
25286-GUJ,Two Year,32,84.95,5437.27,0.05346448037964895
78417-WES,Two Year,29,114.9,9417.07,0.053447488931000736
91045-JHA,Two Year,3,78.45,4224.74,0.05344388775669117
94896-TAM,Two Year,29,72.95,8026.15,0.053417858023209884
82353-UTT,Two Year,7,24.85,2827.29,0.053379289888463716
69325-KER,Two Year,9,85.95,8035.95,0.05330609427474632
36634-PUN,Two Year,2,66.1,6917.31,0.05295469527443471
74134-GUJ,Two Year,26,90.95,9538.68,0.05294857712791327
71101-KAR,Two Year,28,0.0,9346.4,0.05293974998375505
64930-RAJ,Two Year,11,20.0,329.28,0.05280262475420476
44507-WES,Two Year,18,59.95,3921.1,0.05280067783511887
35183-MAH,Two Year,11,114.05,8707.52,0.052738443866948696
36180-UTT,Two Year,33,65.65,5852.46,0.05273447536225272
31442-WES,One Year,2,20.55,472.16,0.052724683271302114
55459-RAJ,Two Year,8,108.65,8767.47,0.05260853529765254
41238-KAR,Two Year,8,82.5,5563.85,0.052606702505459124
28572-KAR,Two Year,1,86.7,7173.04,0.05259840435703385
77228-ASS,Two Year,9,114.3,9761.9,0.05254552267280369
68710-UTT,Two Year,7,110.25,10629.11,0.05252312761946557
71883-DEL,Two Year,3,85.45,8470.3,0.05249456619887335
44119-KER,Two Year,10,78.45,4450.34,0.05224772383258258
35724-UTT,One Year,26,19.85,2520.32,0.05223860669748474
59230-TAM,Two Year,18,25.15,1181.68,0.0521836512718412
51863-GUJ,Two Year,10,115.55,8432.64,0.05213337016639443
26168-BIH,One Year,5,19.95,469.55,0.052063365067567584
63076-KAR,Two Year,31,88.6,9403.07,0.05193367078880095
15115-WES,Two Year,15,0.0,6963.69,0.05183021798660715
15763-MAH,Month-to-Month,23,20.65,954.65,0.05181385246019686
44785-TAM,Two Year,35,82.0,8713.47,0.05178378438549649
41942-GUJ,Two Year,35,19.75,355.82,0.051779328569201435
61334-JAM,Two Year,16,82.45,7315.29,0.05176868894878382
36469-UTT,Two Year,22,85.1,5119.4,0.05168289874769015
55833-TAM,Two Year,29,116.75,9339.05,0.05163631501287686
18730-PUN,Two Year,1,81.0,6986.71,0.051589646391576656
88195-TAM,Two Year,24,69.5,4764.47,0.051322417199293265
26383-TAM,Two Year,12,61.4,6755.68,0.05119364095673676
26294-TEL,Two Year,13,86.15,6098.25,0.05117085332337917
91259-TEL,Two Year,6,19.65,1067.78,0.05108987282686137
48033-TEL,Two Year,8,24.55,1897.41,0.051075485768062236
56185-HAR,Two Year,1,70.8,5616.11,0.05103848021346604
74691-RAJ,Two Year,22,76.95,6568.0,0.05100137979790747
68443-MAH,One Year,27,20.4,213.35,0.05099422230696138
95165-GUJ,Month-to-Month,9,20.05,793.45,0.05083257379794887
86614-ASS,One Year,19,18.8,509.0,0.05076121041093407
92815-UTT,Two Year,30,80.6,5786.7,0.05073600956772385
86951-TEL,Two Year,19,60.0,3734.57,0.050677788682034396
33958-BIH,One Year,19,20.35,350.3,0.050673838089887596
91717-BIH,Two Year,17,60.4,5412.09,0.05064636128190215
83655-PUN,Two Year,34,69.7,5166.34,0.05062973091368315
34857-WES,Two Year,8,92.9,4838.69,0.05062023738253345
35701-MAH,Two Year,6,39.4,2108.65,0.050581828627276636
59003-HAR,Two Year,31,53.65,3784.0,0.05047854599918264
64656-MAD,Two Year,27,75.75,8446.92,0.0504062145259551
15895-AND,One Year,14,24.4,389.39,0.05037133223111216
13022-MAD,Two Year,20,19.6,2461.21,0.05036200657725312
97001-HAR,Two Year,23,109.95,10788.56,0.05035173199943528
45397-RAJ,Two Year,1,45.2,2460.55,0.05033661987929949
48831-MAH,Two Year,34,73.55,5342.15,0.050304284356258035
63512-TAM,One Year,9,19.6,582.95,0.050225263230930337
79666-KAR,Two Year,34,113.65,10270.75,0.05022359513372257
37794-MAH,Two Year,14,26.1,411.25,0.05021627016757536
72091-KAR,Two Year,21,96.6,8836.55,0.05021534332201722
84145-WES,Two Year,9,66.9,7370.65,0.05016539623801354
83526-AND,Two Year,13,84.7,7176.15,0.050142032014632736
11691-RAJ,Two Year,10,77.35,7821.21,0.0500895409287648
89933-JAM,Two Year,9,54.05,2327.75,0.049996210503994214
72181-ODI,Two Year,7,0.0,4827.31,0.04991922584679543
41986-CHH,Two Year,30,50.2,2526.99,0.049909001640557095
65945-KAR,Two Year,6,64.55,6185.06,0.04983532836152398
96185-RAJ,Two Year,12,83.5,6282.35,0.04982405649128391
81278-MAD,Two Year,11,94.55,7348.2,0.049787129144643893
52152-HAR,Two Year,24,81.65,5301.25,0.04955344108918097
29428-MAD,One Year,6,23.95,3213.4,0.04953341665141157
94058-TEL,Two Year,1,61.4,5493.45,0.04950935996728185
24453-UTT,Two Year,3,61.05,2542.77,0.04949749097341278
37580-TEL,Two Year,20,82.3,8229.43,0.04945184952269377
52526-TAM,Two Year,25,92.4,9632.5,0.04944222425894371
32353-UTT,One Year,7,26.9,1799.81,0.049386642855125576
99241-HAR,Two Year,6,64.15,7045.82,0.04919511365888818
31866-MAH,Two Year,3,84.2,8026.55,0.049180292905068625
64694-DEL,Two Year,21,86.5,6664.75,0.04914245553692838
95736-RAJ,Two Year,29,83.2,8617.49,0.0491331520927388
74579-JHA,One Year,5,19.85,1291.37,0.04905688785407729
12272-WES,Two Year,8,39.1,2112.1,0.04899353923332464
45898-TAM,Month-to-Month,11,19.6,963.73,0.04892230610926887
27046-JHA,Two Year,6,74.35,5913.47,0.04875953825059439
88796-MAD,Two Year,13,114.0,10430.99,0.048741451361715364
31546-AND,Month-to-Month,33,20.5,1093.54,0.048711655814474855
75261-UTT,Two Year,34,91.55,6621.1,0.048322989021436794
36747-BIH,One Year,5,19.45,1802.3,0.048109426408804605
58209-MAH,Two Year,16,113.05,10196.55,0.04794444621547561
52814-MAH,Two Year,14,81.8,7298.61,0.047825843526992484
97081-PUN,Month-to-Month,18,20.35,1119.8,0.04780638845031094
53159-PUN,Two Year,30,20.15,407.0,0.04777610541520776
96820-RAJ,Two Year,12,55.3,5728.88,0.04773141164487262
62994-KER,Two Year,36,90.6,8185.45,0.047726612035082626
96409-MAD,Two Year,1,60.15,5842.6,0.047700070445897566
81528-AND,Two Year,31,20.9,230.02,0.04762042757297009
96152-AND,Two Year,19,90.55,8433.18,0.047599136717657003
37636-WES,Two Year,3,19.7,222.81,0.04757967355371244
62467-ODI,One Year,7,19.65,717.53,0.04754457398085435
79837-GUJ,Two Year,21,65.6,3735.71,0.04752047145373858
48074-MAD,Two Year,36,84.3,6730.06,0.0474787474913226
78971-TAM,Month-to-Month,28,20.5,1748.29,0.047328395251167124
77830-TEL,Two Year,33,90.1,7896.33,0.047119963437511
43728-GUJ,Two Year,1,84.5,5568.3,0.04708972049480947
36581-KER,Two Year,2,79.5,6019.78,0.04706560511662882
44798-KER,Two Year,20,114.7,10065.97,0.046992923488646865
25996-UTT,Two Year,8,71.0,4470.05,0.046929942407959266
14743-KAR,Two Year,30,64.8,4732.35,0.04689945664635495
58665-PUN,Two Year,15,114.65,8664.43,0.04686590404763273
11663-GUJ,Two Year,13,59.75,7478.5,0.046859503062720104
54366-WES,One Year,13,19.5,605.8,0.04684989011917474
99912-WES,One Year,26,19.65,675.49,0.0468348030084589
89786-TEL,Two Year,4,35.7,2545.7,0.04678326463325527
72378-GUJ,Two Year,2,61.35,4323.4,0.046706630601873425
56579-PUN,Two Year,4,65.7,4575.35,0.04667631019419151
57115-BIH,Two Year,18,69.65,5171.77,0.0465514762020415
89517-MAH,Two Year,32,84.7,7686.7,0.046547378185567846
71588-MAD,Two Year,6,49.85,3370.2,0.04652278032857362
16462-TAM,Two Year,10,84.75,3148.51,0.04637699012970369
66365-UTT,Two Year,5,88.1,8405.34,0.04636584157416427
37229-KAR,One Year,6,24.7,3195.3,0.046350200153188074
95248-MAH,Two Year,12,91.15,6850.3,0.046260854082998674
71287-UTT,Two Year,18,115.8,11529.54,0.04607537276452036
94196-UTT,Two Year,4,93.05,6831.53,0.04605295109087561
66852-GUJ,Two Year,1,74.45,3673.39,0.04604960571793942
66938-WES,Two Year,11,85.65,6598.53,0.046004878089122646
33933-MAD,Month-to-Month,3,20.0,1139.89,0.045997314493711576
99191-MAH,One Year,4,19.3,2041.52,0.045980131788739415
44805-KER,Two Year,7,115.05,9816.2,0.04596175444278195
59946-UTT,Two Year,2,51.35,3244.4,0.04587870774150015
97263-UTT,Two Year,2,89.1,8112.08,0.04579355093928673
52308-RAJ,Two Year,8,109.7,9895.73,0.045788122943450534
79957-TAM,Month-to-Month,13,19.95,837.64,0.045696746000631415
33497-HAR,Two Year,1,70.5,5711.15,0.045671196568488795
99942-TEL,Two Year,34,70.9,6557.12,0.04563417709038822
93935-RAJ,Two Year,8,0.0,2345.55,0.045578977264588684
35211-JHA,One Year,2,20.1,816.7,0.04549240327822847
36382-WES,Two Year,9,64.1,4893.29,0.04547886218261667
38368-TAM,Two Year,3,43.7,2618.3,0.04543931099048565
38869-WES,Two Year,1,113.1,10143.54,0.04539018764794471
74869-GUJ,Two Year,3,58.35,4214.25,0.04530084014701017
39862-TEL,Month-to-Month,18,24.7,1171.88,0.04499131706174682
31311-KAR,Two Year,33,61.4,4310.35,0.044975714470504115
46860-BIH,Two Year,6,115.15,10920.57,0.04496543910607167
48040-JHA,Two Year,9,20.85,902.03,0.04496395818954618
92216-UTT,One Year,10,19.9,2973.35,0.04495855934025867
92703-MAH,Two Year,19,73.35,6307.54,0.044907277463216634
33955-HAR,One Year,26,24.8,790.7,0.044896076717780106
96327-MAH,Two Year,26,79.15,5333.04,0.0448354864251193
53023-UTT,Two Year,22,116.8,9609.47,0.04481356310244904
64294-KAR,Two Year,7,25.05,3342.12,0.04460365595206007
61836-MAH,One Year,36,19.9,640.78,0.044515286327535965
34599-MAH,Two Year,4,20.85,2700.7,0.04448154190752439
44927-RAJ,Two Year,21,19.75,319.24,0.04447238142071556
57439-AND,Two Year,5,39.1,2779.5,0.044442147957550686
41236-GUJ,Month-to-Month,12,20.3,858.09,0.04442175858107291
17092-DEL,Two Year,10,115.75,10725.31,0.04441383315803335
44640-ODI,Two Year,1,79.45,7407.6,0.04439334762551573
96661-ASS,Month-to-Month,6,26.45,2089.31,0.04430935202702991
84579-ASS,Two Year,6,59.5,5380.05,0.044296820632867794
59408-AND,One Year,8,19.5,595.08,0.04421739019300233
71676-GUJ,Two Year,6,25.35,2500.75,0.04414082669626111
97359-UTT,One Year,4,0.0,466.08,0.044080517063815744
26055-KAR,Two Year,12,37.7,2288.7,0.04405112280060902
86919-PUD,Two Year,31,19.85,390.97,0.04399588150618532
54933-HAR,Two Year,1,116.1,10865.37,0.04396460141837279
64929-HAR,Month-to-Month,28,20.25,1265.87,0.04392452396181265
83803-TAM,Two Year,15,65.65,5195.81,0.0439124776180931
36620-WES,Two Year,1,19.55,385.15,0.04385884330974488
53368-RAJ,Month-to-Month,26,19.05,1475.95,0.043666174412395196
22781-KAR,Two Year,6,25.4,842.44,0.04365197592025517
89201-AND,Two Year,23,114.6,9749.4,0.04357371117830469
92414-UTT,One Year,9,20.05,1020.0,0.04355209048398665
35391-MAH,Month-to-Month,29,19.5,2477.23,0.04350745252577107
32011-TAM,Two Year,35,60.05,4135.49,0.04337554305937353
41494-HAR,Two Year,12,79.75,5734.12,0.043332771227151956
15424-MAD,Two Year,19,83.7,7252.5,0.04332056388249458
65804-BIH,Two Year,1,40.65,1547.35,0.04324772261379677
12225-TAM,Two Year,14,85.25,6296.46,0.043222177525676676
52033-MAD,Two Year,35,93.2,7366.67,0.043211543329078186
67180-PUN,Two Year,7,84.85,8172.3,0.043206026445899035
79494-MAH,Two Year,31,70.95,5553.37,0.043205732995171796
48463-UTT,Two Year,12,70.1,6802.21,0.04318295402286702
56124-WES,Two Year,12,83.85,4658.49,0.04314823641046551
14753-PUN,Two Year,3,89.8,9744.69,0.04308201633687322
44388-MAD,Two Year,9,78.9,3943.82,0.04295857007214825
87100-WES,One Year,23,20.85,1174.01,0.04292194595757038
12531-AND,Two Year,12,62.5,4136.4,0.04287792834789643
59258-ODI,Two Year,35,76.45,5272.21,0.04284266024414128
85404-KAR,Two Year,33,48.9,3492.56,0.042819177199680696
94478-MAH,Two Year,13,115.15,8748.34,0.04281872543749102
22635-MAH,One Year,19,19.45,560.23,0.0427800072873572
72696-MAH,Two Year,26,46.35,3334.76,0.04269923276050592
71550-RAJ,One Year,31,19.85,593.05,0.04267548157875272
48080-MAH,Two Year,11,59.75,6259.68,0.042613797236726175
44205-DEL,Two Year,18,86.55,6553.51,0.042541878716403275
92544-ASS,Two Year,33,116.05,10063.54,0.042541691588532465
42457-GUJ,Two Year,19,64.45,4641.1,0.04248493132217345
85111-JHA,One Year,2,24.2,1143.92,0.04245115224458714
38842-WES,Two Year,29,82.7,8495.83,0.0424433860583175
32026-TAM,Two Year,26,85.3,8730.56,0.042381908000672014
47396-RAJ,One Year,3,20.0,723.34,0.04237049065081499
76256-HAR,Month-to-Month,29,20.6,875.5,0.04235824766344149
79995-UTT,Two Year,33,111.95,9766.86,0.042189657266575115
62052-BIH,Two Year,9,115.15,11272.18,0.04202035546014023
12391-TEL,One Year,24,19.8,1909.68,0.04199649823994442
29999-CHH,Two Year,23,47.6,3377.8,0.041987411089206006
37069-UTT,Two Year,21,116.4,10621.17,0.041980984937716515
27736-BIH,Two Year,3,39.15,2692.75,0.04193654305158537
64466-JHA,Two Year,11,19.95,2646.25,0.04192003392367311
52496-TAM,Two Year,21,78.8,5092.19,0.04188880392548008
43529-AND,One Year,4,19.8,1155.54,0.04187329156420652
35571-TEL,Two Year,11,83.55,7710.42,0.04184901106112998
16541-UTT,Two Year,35,68.3,5869.36,0.041722390658685965
37373-UTT,One Year,7,20.0,1539.77,0.041598772123457625
97501-MAH,Two Year,31,20.4,355.76,0.04141214640286914
84339-KAR,One Year,32,19.5,3583.07,0.04135722788478168
45074-TEL,One Year,26,25.9,2228.65,0.04119905053274706
77079-BIH,Two Year,18,89.9,8681.58,0.04119757951319526
79601-KAR,Two Year,11,114.55,9900.53,0.0411139633065699
31423-MAH,Month-to-Month,20,20.05,852.8,0.04095891789052874
69878-RAJ,Two Year,34,83.25,6146.79,0.04090646125918194
43735-TAM,One Year,23,20.1,626.55,0.04088777579511702
15837-RAJ,Two Year,16,85.15,6126.89,0.040834726170874525
64053-JAM,Two Year,7,79.25,7689.75,0.04081102886390074
12739-HAR,Two Year,31,88.65,6515.63,0.04079989665940037
16583-GUJ,One Year,5,20.85,3124.56,0.04079935647428333
88584-RAJ,Two Year,11,117.35,9511.93,0.040669291606070614
53349-TEL,Two Year,20,92.2,9002.69,0.04061412736989569
22240-HAR,Two Year,19,45.25,3139.8,0.040536332555892854
43333-AND,One Year,22,19.3,809.76,0.040469358909464355
55101-RAJ,Two Year,28,84.35,3984.88,0.04046120884525557
61105-KAR,Two Year,3,38.9,2719.2,0.04044131187900269
94921-ODI,Two Year,3,81.0,5960.05,0.040350410536834753
41681-TEL,Two Year,8,62.15,3778.85,0.040342297632891724
97383-PUN,Two Year,8,76.15,6332.25,0.0403210703777576
66646-TAM,Two Year,2,63.1,4685.55,0.0402998491074305
18408-TAM,One Year,5,20.35,1153.77,0.040291846144743126
69777-TAM,Month-to-Month,3,19.2,1443.42,0.04026009788318102
57024-AND,Two Year,28,88.05,9247.85,0.0402120248921671
39779-AND,One Year,8,19.9,2643.76,0.040112738812995194
74683-TEL,Two Year,1,88.05,7900.21,0.04008525002365047
52402-DEL,Two Year,5,81.0,5811.74,0.04005421779175156
58841-KAR,Month-to-Month,32,20.85,1286.26,0.04000709186187377
62570-BIH,Two Year,28,65.6,4566.5,0.04000402624639321
65574-MAH,One Year,10,20.55,2427.47,0.039904936239179296
79595-MAD,Two Year,3,19.75,1319.86,0.039893291774653034
25492-UTT,Month-to-Month,29,24.7,1123.61,0.03982164149120806
67253-GUJ,Two Year,8,25.4,2096.05,0.03974625658166321
53050-MAH,Two Year,10,20.45,252.65,0.03963032086972488
35926-WES,Two Year,6,19.8,1106.7,0.039628145519159316
97318-MAH,Two Year,5,20.1,2913.85,0.03962731108752149
66276-WES,Two Year,1,60.95,4549.05,0.03956848488484918
54891-HAR,One Year,24,19.9,561.5,0.03954136802184558
41331-UTT,Two Year,5,116.55,11006.2,0.03942015575184596
62110-WES,Two Year,30,19.05,543.06,0.03937338263057517
48170-MAD,Two Year,3,113.65,9913.4,0.03937272934790507
43171-MAH,Two Year,7,114.3,9206.23,0.03931852578796839
97161-MAD,Two Year,17,46.25,3121.4,0.03929471946328297
62473-JAM,Two Year,14,19.6,923.95,0.039162021539613845
14372-JAM,Two Year,28,19.45,2487.32,0.03914226002554847
87526-DEL,Two Year,3,20.25,1503.99,0.03909109523686471
31735-HAR,Two Year,7,113.25,10188.02,0.03903575074959908
63614-WES,Two Year,23,69.85,7119.75,0.0390196826602023
16932-HAR,Two Year,5,91.95,8566.1,0.038892113776734134
14613-ODI,Two Year,26,114.95,9735.76,0.03874848136218536
98753-TAM,One Year,7,25.45,3825.67,0.038737540620923765
78060-UTT,Two Year,28,24.0,583.69,0.03865560083967692
57284-MAH,Two Year,31,0.0,4715.85,0.03858439430491744
99823-MAH,Two Year,32,19.7,314.87,0.038574737596254766
39581-TAM,One Year,3,20.1,324.8,0.03852907254565902
15552-TEL,Two Year,36,64.7,4886.05,0.038528951864925616
46605-KAR,One Year,13,20.75,1450.05,0.03850854243368003
95063-UTT,Two Year,17,19.55,3603.81,0.03841518600201061
36195-UTT,One Year,4,20.1,1098.99,0.038366196929691385
49894-BIH,Two Year,17,61.15,5427.87,0.03833644046734904
64028-RAJ,Two Year,22,75.1,6418.51,0.038308023936950514
15412-PUN,Two Year,15,117.15,10321.58,0.03828479458878809
14390-UTT,Two Year,11,81.0,4704.05,0.03822080263538967
23048-MAH,Two Year,11,87.25,9742.38,0.03821402543029515
52174-UTT,One Year,5,19.05,990.81,0.03821328818912072
97798-KER,One Year,32,25.0,1419.31,0.038170708641166534
23237-DEL,Two Year,22,0.0,7030.37,0.03816368458648897
28094-UTT,Two Year,19,60.25,4175.5,0.038161617606924235
27523-UTT,Two Year,4,84.0,6124.77,0.03803643791969253
45349-RAJ,Two Year,2,25.6,1102.17,0.0379970390795584
35717-JHA,Two Year,11,69.7,5409.17,0.03791135856508149
86443-MAH,Month-to-Month,10,25.25,2686.06,0.03790560084074166
67754-WES,Two Year,15,79.55,9054.5,0.03789734259830875
46192-KAR,Two Year,12,113.15,10009.7,0.03788021197887719
77645-WES,One Year,7,19.9,974.63,0.0378610457382959
78225-UTT,Two Year,32,89.05,6690.05,0.03779145462552528
51533-ODI,Two Year,4,50.95,3521.7,0.037790263238943154
49592-UTT,Two Year,4,74.1,5952.84,0.03766529840016079
79939-KAR,One Year,12,24.45,2157.11,0.037521097363532596
84954-GUJ,One Year,10,20.0,737.44,0.037521051698394516
42899-HAR,Two Year,14,92.3,7698.38,0.03750096659000152
84616-GUJ,One Year,3,19.45,3157.66,0.037356094570683236
59715-GUJ,One Year,36,19.35,651.75,0.03732200536165568
55601-MAD,Month-to-Month,11,20.55,1437.19,0.03726721455258722
31173-MAD,Two Year,7,20.2,891.32,0.03725534835655797
41283-UTT,Two Year,1,85.3,5607.3,0.037235827017934306
42786-UTT,Two Year,1,19.25,1620.7,0.03721089049530682
35811-UTT,One Year,36,19.3,730.11,0.03709018659556976
37997-TEL,Two Year,22,89.55,6864.29,0.03704483019158872
81327-JHA,One Year,3,19.6,1430.8,0.03699500791786619
26308-MAH,One Year,12,19.65,869.29,0.036929472148157005
68584-KAR,Two Year,36,114.05,10682.2,0.03691819154632239
63009-PUN,One Year,15,19.9,758.69,0.036904326595788864
63602-PUN,Two Year,2,59.5,4121.08,0.036874031817273376
44453-WES,Two Year,6,90.95,9939.97,0.036748012040185254
77562-KAR,Two Year,20,62.65,6858.48,0.036726495242835784
86548-UTT,Two Year,2,69.85,4643.11,0.03654511871315212
15822-JAM,Two Year,14,20.55,3046.13,0.036437449439731914
57200-UTT,Two Year,32,92.0,9902.27,0.03640293723488569
11450-HAR,Two Year,18,75.55,5106.64,0.036385942516032756
16782-CHH,Two Year,1,92.0,9701.28,0.03633505261666334
46972-ODI,Two Year,26,65.1,5283.91,0.03629973868184219
89514-HAR,Two Year,8,79.85,5669.11,0.03628413646359362
96907-UTT,Two Year,12,60.5,3607.48,0.03620057865457693
93296-UTT,One Year,12,19.8,387.7,0.03618290436774072
75573-CHH,Two Year,17,53.95,3888.65,0.03616287160497873
27535-BIH,Two Year,28,74.3,4534.0,0.03596440549005533
57456-PUN,One Year,18,26.8,823.55,0.03578734961907559
73949-MAH,One Year,14,19.1,3162.45,0.03571933485654706
53766-KAR,Two Year,35,25.95,4121.97,0.03569871591670027
63062-GUJ,One Year,2,20.75,1501.65,0.03568502051405754
21150-UTT,Two Year,26,59.7,4122.65,0.035674037438274374
68399-UTT,Two Year,11,70.45,5658.9,0.03567229383686091
98955-KAR,One Year,11,20.4,1384.45,0.03566931268644666
55153-MAH,Two Year,28,20.05,2293.5,0.03564373755750852
53719-HAR,Two Year,7,19.65,291.39,0.03560090547817929
22130-TAM,Two Year,7,70.85,5145.93,0.035592538030827035
19165-BIH,Two Year,26,86.45,5450.41,0.03554443441169289
46661-TEL,Two Year,31,19.65,674.11,0.035531024802144553
44155-HAR,Two Year,9,86.4,7164.15,0.03551028790767397
87646-TAM,Month-to-Month,17,26.2,3046.3,0.0354883604126814
49078-MAH,Two Year,25,87.1,5816.36,0.03543576261610712
91540-GUJ,Two Year,21,66.9,5537.69,0.03542160360059223
93717-GUJ,Two Year,33,88.15,7595.92,0.035414701507307654
23237-UTT,Two Year,8,20.5,1048.03,0.035394336193724306
55492-UTT,Month-to-Month,15,20.0,2808.75,0.035372025064465865
69664-ODI,Two Year,35,19.55,2563.71,0.035338232943589024
95731-HAR,One Year,1,26.4,856.75,0.03532301524037843
99510-BIH,Two Year,28,68.75,5775.24,0.03530929688409597
24317-UTT,Two Year,32,76.95,6175.95,0.03527174128335894
39538-RAJ,Two Year,28,89.4,8404.3,0.03527076870851786
67455-MAH,Two Year,14,75.7,5442.15,0.0351878490422267
25511-UTT,Two Year,18,19.95,487.14,0.03516796438572409
61700-RAJ,Two Year,36,65.7,6498.82,0.03514994095432272
85949-TAM,Two Year,14,113.8,9622.04,0.035132756173348385
42276-ODI,One Year,4,19.8,1645.5,0.03511848286448578
14844-KAR,Month-to-Month,33,20.0,1179.92,0.03497943341466971
12303-BIH,Two Year,14,88.55,9681.55,0.03493713311850055
43206-ASS,Two Year,18,69.4,6787.56,0.03478198609183269
97949-ODI,Two Year,20,20.1,600.3,0.03477310943264738
64865-KAR,Two Year,3,75.35,6486.1,0.034760706429872994
73060-MAH,Month-to-Month,16,20.35,1291.8,0.034678143676515866
24092-UTT,Two Year,36,115.75,11795.78,0.03453963240597504
38589-CHH,Two Year,2,59.8,4695.88,0.03446213750700499
54923-ODI,One Year,8,23.95,3386.4,0.03442286022139505
48692-GUJ,Two Year,12,60.8,3603.45,0.03438347828863079
98918-UTT,Two Year,28,91.25,9893.23,0.034249731618949064
98408-AND,Two Year,3,80.45,6819.97,0.03421307635167082
16071-HAR,Two Year,24,88.0,9160.58,0.034201952103467846
26376-KER,Two Year,4,25.65,1467.2,0.0340991742446054
98230-GUJ,One Year,13,20.1,448.55,0.03405905286007143
74254-BIH,Two Year,23,81.35,6177.21,0.03402797286977259
37038-PUN,One Year,7,20.0,2482.69,0.03389533596537079
87051-KER,Two Year,9,20.35,468.57,0.03387153784624646
13323-BIH,One Year,31,19.35,950.75,0.033853716261881876
41068-TAM,Two Year,11,73.5,7799.44,0.03384843312388277
44730-PUN,One Year,1,19.8,1811.34,0.03382952268041402
61369-WES,Two Year,35,115.8,10318.63,0.033821714664466734
18791-AND,Two Year,28,54.2,3623.95,0.03380092185080765
69134-WES,One Year,30,19.75,2342.81,0.03374691784370477
82754-MAH,Two Year,1,60.3,4109.0,0.03373914294013917
38309-KAR,One Year,15,19.95,4218.32,0.03367521576614465
12622-MAD,One Year,36,19.35,1897.5,0.03357683116078096
89280-UTT,Two Year,10,89.05,9443.68,0.033546842586270116
71906-KAR,One Year,4,19.2,1410.48,0.033423523536592885
81052-AND,Two Year,14,20.05,4565.37,0.033308925265682056
52889-BIH,Two Year,20,64.9,5504.71,0.033305371603623166
19668-AND,Two Year,3,69.25,6095.11,0.033242284759549046
25265-MAD,One Year,21,20.65,741.15,0.03323076411551304
65356-TAM,Two Year,10,74.5,7331.26,0.03300291229936362
64597-BIH,Two Year,14,83.3,6809.17,0.03292831819654762
56032-TAM,Two Year,8,80.6,6420.67,0.03288728950437729
83578-AND,Two Year,32,114.75,10576.5,0.03287602170862442
32778-KAR,Two Year,1,19.3,1010.82,0.03284838809915169
75992-UTT,One Year,12,19.4,687.18,0.03279415885839972
56235-UTT,Two Year,26,65.55,4807.45,0.03270228794336589
78521-AND,One Year,33,19.7,890.76,0.03254725289098042
12678-UTT,Two Year,2,25.0,789.97,0.03253725456582875
46189-MAH,One Year,6,19.8,870.95,0.03252657867101725
19891-KAR,One Year,4,20.45,1543.01,0.032508517791907936
71936-JHA,Two Year,8,24.2,785.93,0.03244764401915332
55786-PUN,Two Year,8,25.35,617.2,0.032437199786437526
18641-BIH,Two Year,1,90.8,7882.96,0.032355883250758
42678-JAM,Two Year,9,25.45,2241.93,0.03233599517893568
82253-ASS,Two Year,9,88.85,8962.18,0.03232962747477534
16623-WES,One Year,24,24.7,1900.67,0.032211372705263114
35779-ODI,One Year,36,24.75,2901.13,0.03219434486775079
87313-GUJ,Two Year,6,20.65,2879.08,0.032117153104485936
71162-TEL,One Year,28,20.55,1805.59,0.03209889817487223
97954-WES,Two Year,8,19.35,2641.98,0.031996498612467436
21784-JHA,One Year,1,20.05,850.98,0.031961573935056595
36357-PUN,Two Year,27,109.3,9874.22,0.031960622642358064
94009-TAM,Two Year,33,75.8,4582.21,0.03187864327805956
48037-TAM,Two Year,30,81.25,6070.8,0.031869576278734095
24214-JAM,Month-to-Month,11,20.45,1410.28,0.031813800170450976
47934-KAR,One Year,4,19.5,1633.66,0.031807098396620874
17233-AND,Two Year,23,84.3,8087.26,0.03179476746774483
22236-TEL,Two Year,8,61.35,5099.4,0.031777171265653055
15978-PUN,Two Year,29,89.85,9088.14,0.031772984344190874
77894-TAM,Two Year,4,66.85,5813.6,0.031769175155956716
48150-KAR,Two Year,29,25.05,983.65,0.03166281620766346
41064-PUN,Two Year,26,64.95,4576.0,0.031577878124802713
41662-PUN,One Year,12,20.55,815.4,0.03153076120231502
77859-KAR,Two Year,18,86.65,7046.32,0.031503324387766915
56858-KAR,Two Year,9,89.75,8544.3,0.03150024425342912
72044-HAR,Two Year,5,18.55,995.0,0.0314698291014146
14575-MAH,Two Year,1,20.15,188.46,0.03143979846402262
17341-TAM,Two Year,9,86.1,7893.65,0.03142828074755998
23612-UTT,Two Year,1,90.45,7807.8,0.03142821602174533
17974-JAM,Two Year,15,20.25,1940.99,0.03138088469187703
48146-KAR,Two Year,25,65.2,4784.45,0.0312950679617448
41279-GUJ,Two Year,9,65.65,4894.56,0.03128667610578504
28160-MAH,Two Year,18,111.95,10915.85,0.03124620767742715
55735-PUN,Two Year,28,79.7,6328.5,0.031223666943981
95430-JAM,Two Year,19,63.7,4464.8,0.031189856128596448
17908-RAJ,Two Year,13,19.6,964.15,0.03114119934720715
69272-TAM,One Year,7,20.85,1857.37,0.03103387410905458
31583-UTT,Two Year,6,19.7,478.27,0.030970355394541987
19443-KAR,Two Year,14,81.5,5776.81,0.03084538107422039
96129-TAM,Two Year,12,81.85,6366.73,0.030797015220928193
82811-HAR,One Year,18,20.45,3330.32,0.030728112897148083
12255-KER,One Year,2,20.35,4331.48,0.030720341286738055
15018-TAM,Two Year,34,89.9,8358.61,0.030661784017333098
36375-GUJ,Two Year,2,73.85,4527.05,0.03059949398886122
46547-GUJ,Two Year,15,74.4,5880.19,0.03058231744114605
73121-RAJ,One Year,2,19.15,908.9,0.03050804435321518
35049-GUJ,Two Year,20,85.75,8397.48,0.030507222761077486
24529-TAM,Two Year,7,25.15,1875.55,0.03048857595976326
68438-MAH,Two Year,19,85.0,6164.79,0.03044100932709706
59955-TAM,Two Year,34,85.35,7171.83,0.030425631839830145
74548-MAH,Two Year,6,81.0,5946.56,0.03042116618939851
83082-ODI,Two Year,13,20.05,829.28,0.0303651517134531
29938-TEL,Two Year,34,19.85,2995.3,0.0303078886781757
72562-TAM,Two Year,21,24.65,2043.75,0.03027957106331918
72196-PUD,Two Year,32,25.75,485.8,0.030273468492224728
74204-KER,Two Year,7,20.0,400.5,0.030266329942477275
91755-HAR,Two Year,21,74.05,5642.79,0.030252823208743816
54470-MAD,One Year,16,20.4,785.58,0.03014391594657169
77594-AND,Two Year,15,74.2,6250.6,0.030010583492266475
27812-MAD,One Year,5,20.25,1419.19,0.029966320974347836
13912-UTT,One Year,34,19.5,3019.0,0.02996488085118046
74233-TAM,One Year,6,20.45,670.87,0.029918598191243304
84829-TEL,Two Year,20,90.4,6921.52,0.029859842618766504
87873-BIH,Two Year,28,90.35,7633.07,0.029815750228026777
91073-KER,Two Year,30,55.45,4179.2,0.029796128180357033
15712-RAJ,One Year,34,20.35,1035.55,0.029771949703443306
78614-KER,Two Year,26,58.65,4145.25,0.02976487672282517
89279-ODI,Two Year,11,79.35,7938.85,0.02975994765486252
12592-AND,Two Year,2,19.3,4708.8,0.029751564329662087
39190-WES,Two Year,25,0.0,1713.68,0.029717099094445334
96673-TAM,Two Year,21,84.4,6474.45,0.029692584069815606
93499-AND,Month-to-Month,23,25.75,1749.15,0.029676235423884787
53518-BIH,Two Year,12,0.0,6739.16,0.02960698028250602
83086-MAH,Two Year,20,25.6,2864.53,0.029490231754547777
63682-JHA,Two Year,21,19.55,3733.59,0.029460705554923906
53637-KER,One Year,11,20.65,1346.9,0.029452555056469196
29152-AND,One Year,13,19.3,1065.15,0.029441499381842106
28713-MAD,Two Year,9,90.55,9200.46,0.02939664055603504
21981-TAM,Two Year,4,19.95,1770.29,0.029386135614150048
51717-TAM,One Year,24,20.3,703.02,0.029354716852411
83796-UTT,Two Year,10,74.55,7003.13,0.029317887700633764
83612-TAM,Two Year,24,65.85,5873.11,0.029277575914633824
58178-ODI,Two Year,31,84.35,5244.05,0.029262307052075495
91995-AND,Two Year,16,80.3,6969.77,0.029247341686988507
72719-WES,Two Year,18,87.95,7008.61,0.029231727571150792
85731-MAH,Two Year,14,68.15,6055.02,0.0291888599848478
15382-GUJ,Two Year,19,63.9,3334.95,0.029119449623134782
98260-BIH,Two Year,7,91.7,7488.9,0.02899089980733478
35972-UTT,Two Year,11,90.15,6412.05,0.028979244245539704
21398-JAM,Two Year,9,24.1,2515.01,0.02876101164700057
66148-AND,Two Year,7,73.0,6922.64,0.028670943323972183
93793-JHA,Two Year,34,19.95,736.4,0.02865386682359051
26836-HAR,One Year,7,20.65,1934.6,0.028639179592560134
12390-KAR,Two Year,12,66.5,5204.47,0.028606396295070523
82890-DEL,Two Year,3,59.75,3624.35,0.028577143866786874
45226-UTT,Two Year,12,19.35,2309.16,0.02855097434422258
78693-KER,Two Year,14,19.65,825.36,0.02851469823140888
49835-TEL,Two Year,7,71.6,6537.77,0.028380771618751032
59749-TAM,Two Year,26,25.7,572.6,0.028259547816718154
88500-MAH,Two Year,27,65.5,4919.7,0.028248290322626584
89492-PUN,One Year,27,19.75,2025.75,0.028192596665213898
38271-PUN,One Year,16,20.25,736.48,0.02813906922560823
54433-GUJ,Two Year,11,90.6,8959.69,0.02813829695751412
43243-KER,Two Year,1,90.65,9594.77,0.02812162596038286
93501-MAH,Two Year,36,19.35,669.25,0.028100644691324395
36995-TAM,Two Year,33,20.15,1111.53,0.02807183636172462
53266-TAM,Two Year,4,24.85,1803.26,0.02806447874728572
98497-AND,Two Year,3,20.5,2654.36,0.028007677150547607
96899-PUN,Two Year,6,78.85,8615.07,0.02799108059407657
43349-BIH,Two Year,28,89.85,8491.47,0.027966347556196987
16754-MAH,Two Year,2,19.9,614.9,0.027894829321603407
96039-KER,Two Year,5,85.9,6097.56,0.027876911621727878
29339-BIH,Two Year,9,19.75,397.18,0.027852641295367
68432-MAD,One Year,27,19.65,1163.98,0.027838679855851634
13778-MAD,One Year,9,24.55,2308.39,0.027838351555846266
11802-TAM,Two Year,8,25.55,3064.16,0.02778776108132171
18220-JHA,Two Year,19,25.5,1178.43,0.027780506865267292
92871-JHA,Two Year,9,24.05,3476.22,0.027759778769563995
25446-HAR,Two Year,8,19.7,415.79,0.02767717500968285
37016-JAM,Two Year,18,20.4,1008.36,0.02765713971084118
99033-TAM,One Year,32,19.65,624.0,0.02755757981915784
77535-PUN,Two Year,21,20.4,967.15,0.02755129941980292
14730-UTT,Two Year,3,26.25,722.06,0.027389839858625836
15658-RAJ,Two Year,33,63.8,4684.3,0.027302750601672407
31983-HAR,Two Year,14,65.65,4724.5,0.02725562232730655
71687-KER,One Year,12,20.5,2070.65,0.027217804711561436
17155-UTT,One Year,11,24.35,1789.86,0.02706916601451209
36120-ODI,Two Year,30,64.8,4719.75,0.02699809713923918
61123-BIH,Two Year,3,89.25,5006.0,0.026838054109201467
59763-DEL,Two Year,3,19.65,2397.58,0.02681161556810291
24910-RAJ,Two Year,7,20.55,4158.31,0.02680443278354411
42012-UTT,Two Year,2,19.7,4045.81,0.026779143144809284
74852-WES,One Year,11,23.3,2929.23,0.026719016999065495
41271-BIH,Two Year,25,74.8,5895.4,0.02666346450993338
82997-GUJ,Two Year,14,68.75,5801.87,0.026596913349749455
41682-KAR,One Year,10,20.35,3062.08,0.02656412577935904
59731-HAR,Two Year,9,0.0,7035.42,0.02650059137579511
65974-TAM,Two Year,2,92.2,7781.35,0.0264820494549018
66335-UTT,Two Year,2,20.85,631.41,0.026469390137979526
22915-MAH,Two Year,23,56.6,3789.2,0.02634339386419695
31244-TAM,One Year,31,19.5,980.15,0.026335494850782987
64312-ASS,Two Year,35,19.75,2040.42,0.02632535377822929
68533-AND,Two Year,36,85.5,6152.38,0.026249099262802753
63464-ODI,One Year,20,19.6,1563.82,0.02619935012269336
57810-WES,Two Year,15,86.4,5987.33,0.026059425830634187
15026-ODI,One Year,31,25.45,2774.68,0.026058142370089514
35047-KAR,Two Year,3,19.7,2893.18,0.026002175053430176
75356-TEL,Month-to-Month,33,19.7,1917.28,0.02582262427101014
91875-WES,One Year,33,20.5,1091.02,0.02576791086542297
37765-TAM,Month-to-Month,16,20.75,1367.1,0.02575428550869989
61585-TEL,One Year,33,20.95,1122.15,0.025664097856536436
61750-BIH,One Year,35,21.05,1666.99,0.02563125359310824
26259-RAJ,One Year,9,20.1,2100.58,0.025600851046107945
43293-UTT,Two Year,11,82.85,7652.57,0.025523794071984404
16806-RAJ,Two Year,2,55.65,3880.05,0.025492521158813904
21355-TEL,One Year,15,19.65,1009.14,0.0254626303554376
57527-TAM,One Year,12,19.1,3712.51,0.025454180577606206
16051-AND,Two Year,12,25.25,671.88,0.02544026147523925
39318-UTT,Two Year,8,20.0,1404.86,0.025413567574799036
22755-MAH,Two Year,33,90.3,7502.71,0.025406327891838956
89304-UTT,One Year,3,21.1,1558.72,0.025396332579626146
62607-HAR,Two Year,6,18.95,848.72,0.025369436463529117
88110-HAR,One Year,10,20.1,1074.6,0.0253458162511048
96782-MAH,One Year,23,0.0,1012.11,0.02534379759679757
21717-BIH,Two Year,15,75.85,6365.68,0.02511735571192417
34615-UTT,One Year,25,19.05,2217.57,0.02510824259965253
16874-UTT,Two Year,6,21.0,3328.35,0.025083572468864092
85803-BIH,One Year,24,19.8,593.97,0.025035441784393233
84241-KAR,Two Year,27,82.45,6747.08,0.025029871912541225
34320-JAM,One Year,12,20.15,1245.49,0.025005968956895736
78315-TAM,Two Year,4,85.9,6893.39,0.024989541226833667
62683-UTT,One Year,20,20.55,2861.91,0.02488480306744219
83193-CHH,Two Year,26,78.45,6821.29,0.024860656256823523
66867-WES,Two Year,24,84.45,8557.42,0.02481625299090908
95984-KAR,One Year,17,24.45,2697.31,0.024815706224735404
11359-AND,Two Year,6,20.5,726.39,0.02476658569303987
82482-MAD,Two Year,34,20.05,748.63,0.024709381047221066
89011-TAM,Two Year,3,0.0,1924.26,0.02467075795440626
28720-MAD,Two Year,22,19.1,4172.69,0.02466423012241673
63987-UTT,Two Year,30,56.4,3948.45,0.024632186617273587
69197-UTT,Two Year,20,25.3,4303.59,0.024607447407267564
59719-MAH,One Year,32,20.85,4721.97,0.024562390426004044
32458-MAD,Two Year,9,64.95,4594.46,0.02449766050302784
59961-UTT,Two Year,3,80.85,6534.59,0.02446062474662141
56177-KAR,Two Year,11,67.8,5922.09,0.024432340236939944
81727-TAM,One Year,8,24.5,976.7,0.024422532439920507
73410-ASS,Two Year,16,19.75,1739.03,0.024417114230993728
74471-AND,One Year,31,20.05,846.6,0.024322366409774688
38403-KAR,Two Year,19,25.1,1125.96,0.024243581998488417
44303-TAM,Two Year,28,84.7,9216.43,0.02419963528015506
32779-TAM,One Year,10,20.05,824.96,0.02417458678196794
25556-MAH,Two Year,2,20.0,289.38,0.024049081773925753
98162-TEL,Two Year,7,85.45,7650.83,0.02404248468688579
69976-KAR,Two Year,29,25.25,2080.39,0.024025994314734213
53647-TAM,Two Year,11,66.75,6388.94,0.02394815100546099
57226-JAM,One Year,18,20.1,1634.26,0.023914988802369197
56856-AND,Two Year,22,24.9,3553.25,0.02388461184923044
79098-TAM,One Year,31,0.0,1018.5,0.023844958134639622
57489-UTT,Two Year,2,25.2,3819.22,0.023832869959206474
76135-MAH,Two Year,15,91.05,6968.25,0.0237822826103107
85886-RAJ,One Year,11,20.05,2182.45,0.023753953492984196
98651-AND,Two Year,16,20.05,477.4,0.023742800793226878
89686-TAM,Two Year,6,25.3,4216.65,0.023596785302520042
43786-WES,One Year,13,19.35,2674.99,0.02357638865915771
87849-AND,Two Year,6,18.95,2323.86,0.023447039115391276
91007-MAH,Two Year,5,20.35,1167.59,0.023417530797211605
98468-AND,Two Year,7,23.85,789.18,0.023386953325896485
69379-UTT,Two Year,15,0.0,4669.6,0.023376575859765897
69960-WES,Two Year,2,26.1,4660.65,0.023369100014748
63347-TEL,Two Year,4,86.85,6981.61,0.023283420830280274
41718-RAJ,One Year,35,20.5,917.38,0.02326650872275703
12882-PUN,Two Year,13,25.4,2095.9,0.023206218586468267
74092-TAM,One Year,34,19.95,1377.82,0.023176182183265892
23138-ASS,One Year,29,19.9,690.05,0.0231468372159634
91754-DEL,Two Year,2,19.4,990.99,0.023133180752401842
11179-MAH,Two Year,12,84.4,6188.69,0.023088121730590442
83239-MAH,Two Year,30,19.1,1989.3,0.02306757725016915
58581-TAM,Two Year,7,68.4,6004.47,0.02306010884805138
26069-AND,One Year,17,19.55,1001.99,0.02299764624996252
77862-TAM,Two Year,6,19.55,1519.83,0.022981481197065015
15559-MAH,Two Year,4,19.8,1029.87,0.022850473669324682
85953-UTT,Two Year,12,19.35,975.9,0.022824743694191383
23061-UTT,Two Year,7,20.35,2685.55,0.022805211204937958
41170-UTT,One Year,5,19.7,1362.15,0.022805011260200736
24868-ODI,Two Year,30,19.25,2524.05,0.02279753091890233
19122-KAR,One Year,23,19.85,1626.33,0.022701030283652255
79427-BIH,Two Year,1,59.85,3590.2,0.022643211641582645
25260-TAM,Two Year,32,20.05,1517.41,0.02257130475007754
88214-GUJ,One Year,30,19.55,2728.74,0.02253585777638226
53498-TAM,One Year,18,19.6,805.15,0.022513955881300462
29121-KAR,One Year,9,19.9,1514.05,0.02247371537710043
46487-KAR,Two Year,1,89.7,8769.3,0.022426116756886695
55767-RAJ,One Year,17,18.85,2693.85,0.022407147980311994
76083-KAR,Two Year,10,69.95,5393.03,0.02237710821307217
63113-ASS,One Year,20,26.3,3287.07,0.022283780600770877
88203-ASS,Two Year,36,0.0,3647.26,0.02225787189504914
35094-GUJ,Two Year,5,25.25,3116.55,0.022194344160373327
97666-KER,Two Year,5,20.65,1221.93,0.022186781135036693
33021-HAR,Two Year,6,89.4,6574.55,0.022136034550540393
52367-BIH,One Year,4,20.25,1317.65,0.022061109274228354
43800-KAR,One Year,2,20.35,2287.95,0.022057307450838545
36349-AND,Two Year,2,19.3,2701.33,0.022056197819880108
68805-MAD,Two Year,7,19.95,2338.19,0.02184843675018548
76321-GUJ,Two Year,25,19.75,2353.31,0.021679501691978895
71985-UTT,One Year,26,20.05,2222.52,0.021653703761630935
27622-PUN,Two Year,36,25.05,1546.89,0.021578995017158452
46640-RAJ,Two Year,11,21.0,1904.15,0.021575805824134042
76925-ASS,Two Year,12,20.0,1223.99,0.021528299837950682
59601-HAR,Two Year,6,19.85,353.6,0.021504304989657424
28293-JAM,Two Year,9,64.55,4458.84,0.021477556103494184
62577-MAH,Two Year,14,86.45,8130.7,0.02145092764755594
71464-GUJ,One Year,20,19.6,2158.46,0.021332123514026444
73469-MAH,One Year,12,19.1,2503.63,0.02125078026314837
41188-UTT,Two Year,7,19.55,814.29,0.021193204845866117
76099-AND,One Year,29,19.6,1395.33,0.021185513687746675
34042-WES,One Year,19,21.2,3961.93,0.021170371726098147
64127-KAR,One Year,12,19.55,2860.46,0.021063458459662322
51326-MAD,Two Year,21,21.45,1307.45,0.021054066381753455
29509-KER,Two Year,7,19.7,1182.39,0.020994324767386496
56709-AND,One Year,32,25.7,4541.99,0.02098239160740833
24131-AND,One Year,18,20.95,1668.74,0.020965790217915475
29079-ODI,Two Year,2,24.0,1848.58,0.020962312942580216
63359-JAM,One Year,12,20.6,1819.51,0.020851918080833625
75965-MAD,Two Year,16,19.15,2706.78,0.02083707926876535
68691-UTT,One Year,10,19.6,872.62,0.020823666490761415
91745-UTT,One Year,32,19.55,2108.63,0.020803328025071986
26506-UTT,One Year,15,19.95,1256.3,0.020677284688365334
27676-AND,One Year,27,19.8,728.1,0.020651998439011644
22665-UTT,Two Year,16,19.4,2609.25,0.020651517981046273
61417-KAR,Two Year,8,67.95,6409.25,0.0206445634452307
23044-AND,Two Year,4,0.0,1287.7,0.020631590742982667
33079-GUJ,Two Year,34,20.4,779.25,0.02063116523417494
28167-UTT,Two Year,23,20.25,334.1,0.020541358793055534
87630-MAD,Two Year,34,0.0,2501.72,0.020527849247249607
12305-AND,One Year,22,20.35,895.83,0.02051934980960062
11765-PUD,Two Year,36,19.5,3549.69,0.020478574687098655
44055-WES,One Year,25,19.8,2476.98,0.020442481907527225
21795-MAH,Two Year,7,19.55,1858.39,0.020440179111251646
15714-KAR,Two Year,24,61.2,4390.25,0.020438228537835126
55991-RAJ,One Year,25,19.15,2521.6,0.020423582214877486
29754-UTT,One Year,22,20.35,952.35,0.02040706876317888
47731-TAM,One Year,6,24.6,1728.57,0.020250564755199846
66926-HAR,One Year,6,24.85,2301.31,0.02022124082312893
13977-GUJ,One Year,22,19.95,1533.46,0.02021218747441681
24566-AND,Two Year,33,19.4,869.24,0.020162138593014807
79804-UTT,Two Year,3,24.55,2867.65,0.020133875455397236
14903-ASS,Two Year,29,19.9,2890.54,0.020132613334460536
26895-UTT,Two Year,7,19.35,930.41,0.02006879820028585
83296-AND,Two Year,4,19.45,2171.57,0.02000527909062238
42538-PUN,Two Year,12,25.0,3038.01,0.01984966690142108
44370-AND,Two Year,15,19.95,3651.48,0.01983448694430733
57677-GUJ,Two Year,16,25.6,1216.07,0.019671379353439943
27021-TEL,One Year,36,19.5,1177.95,0.01958218376922323
12437-TAM,Two Year,20,20.5,1620.52,0.01952019512628922
32874-WES,One Year,34,20.1,1537.7,0.019509981604084303
25748-KER,Two Year,20,90.8,7107.29,0.019471980295198324
33718-MAH,Two Year,3,80.1,6364.27,0.019465039597266066
58113-TAM,Two Year,1,19.2,2333.69,0.019417480348858974
65934-TAM,Two Year,4,25.45,4033.88,0.019396969842361358
79045-RAJ,Two Year,30,65.1,4754.3,0.019365062554685234
24871-BIH,One Year,26,20.0,1002.36,0.019302676094294403
26447-BIH,Two Year,1,20.15,897.75,0.019282436917463248
54732-JHA,Two Year,7,25.55,4518.74,0.019258545081658182
84496-RAJ,One Year,9,26.05,4049.5,0.01920213011984803
42047-TAM,Two Year,1,20.0,1864.25,0.019147170379098966
63419-KAR,Two Year,34,25.7,2030.6,0.019137401755550374
18585-WES,One Year,15,19.55,1242.7,0.019126646204649524
62820-DEL,Two Year,33,20.1,1027.94,0.019122565761534607
21834-CHH,Two Year,2,24.5,1720.99,0.019039750989248868
88551-UTT,Two Year,27,24.05,2063.65,0.019036941338727353
66631-HAR,One Year,27,20.35,3121.37,0.019032827103283353
86974-PUN,Two Year,3,23.9,3751.61,0.019012791919433683
46653-PUN,Two Year,3,90.05,6842.43,0.019004957252050324
41649-MAD,Two Year,11,19.85,1681.06,0.018991147968801123
94569-UTT,Two Year,3,19.75,2861.0,0.018971692245900285
37704-PUN,One Year,28,20.25,1215.27,0.018967593068313384
93687-TEL,Two Year,3,20.3,3356.67,0.01892386328607786
24040-MAH,Two Year,6,25.3,3960.5,0.01890318909200015
18804-PUN,Two Year,20,0.0,2779.08,0.01889918243515389
49889-HAR,Two Year,11,20.65,1982.16,0.018842672673085648
16364-TEL,Two Year,12,20.45,2209.21,0.018739557836157234
86994-ODI,Two Year,24,19.55,725.56,0.01871336612374107
98023-TEL,One Year,30,24.95,1377.5,0.018706573755183427
53787-KER,Two Year,8,91.3,6566.64,0.018633763962441822
89180-TAM,Two Year,10,19.6,743.41,0.018602353981342478
53666-HAR,One Year,24,19.4,2916.88,0.018587025170823487
89176-BIH,One Year,34,20.05,1257.52,0.018579076697066564
41929-UTT,Two Year,6,19.3,1492.72,0.018575027481291684
86530-TAM,Two Year,1,20.95,3197.75,0.01856967371732598
45832-TAM,Two Year,12,77.35,6842.3,0.018518593189677572
71235-TAM,Two Year,15,0.0,2074.21,0.018446328123473844
34073-RAJ,Two Year,6,18.8,2216.68,0.018434594457623802
52399-UTT,Two Year,18,19.6,4102.43,0.018293168347555143
55374-UTT,Two Year,5,20.3,2133.36,0.01829017825617216
91747-GUJ,One Year,26,19.8,2824.65,0.01823720913095245
53382-TAM,One Year,10,19.4,3430.52,0.018200818683462645
93062-HAR,Two Year,6,19.85,2125.03,0.018175685751312218
42702-TAM,Two Year,25,24.6,2072.75,0.018144123677647516
16032-MAD,Two Year,1,80.4,7007.99,0.018136770116621282
64454-PUN,Two Year,24,20.1,830.22,0.01813422598454536
18252-ASS,Two Year,26,20.5,3423.82,0.018095431131596867
69544-MAH,Two Year,20,21.0,1001.5,0.018068915529570576
51958-UTT,Two Year,30,18.95,1746.43,0.018039235882019347
58929-RAJ,Two Year,2,19.7,3003.41,0.018022070042067493
62103-BIH,Two Year,32,19.55,1970.64,0.01789750238050974
21438-BIH,Two Year,21,19.4,3152.85,0.017842284893804326
23324-KER,Two Year,36,19.4,2452.31,0.01782568552066834
72081-MAH,Two Year,26,23.55,1857.87,0.017814126647044914
26330-KER,One Year,29,23.75,3448.16,0.01780596790093329
58332-DEL,Two Year,1,19.8,1627.54,0.017794531939070185
44500-MAD,Two Year,7,20.2,3001.45,0.017730515911997098
25799-TEL,Two Year,1,19.85,1634.03,0.017717163170005743
41985-WES,Two Year,31,26.3,2663.08,0.017657506946334587
78843-WES,Two Year,7,20.2,989.7,0.017640842758173663
48813-UTT,Two Year,8,19.45,1917.3,0.01760877578584561
34825-WES,Two Year,3,19.55,4124.15,0.017578529175303826
87760-BIH,Two Year,33,20.05,1084.38,0.01756204203103703
34754-MAH,One Year,10,20.15,1380.43,0.017559588407315987
99721-TEL,Two Year,4,24.65,2104.0,0.017479228374482177
47629-UTT,Two Year,1,89.3,7801.55,0.017446257476627074
55833-UTT,Two Year,5,24.05,2706.67,0.01731868780600462
14311-UTT,Two Year,32,25.0,466.14,0.017303716478171662
74345-KAR,Two Year,7,24.75,4087.6,0.01729714759374866
78303-KER,Two Year,35,26.5,3889.7,0.01726501561322662
14237-BIH,Two Year,2,25.45,4434.4,0.017256250390313574
98120-TAM,One Year,20,26.2,2674.45,0.017247894001338856
37470-BIH,One Year,16,20.05,1173.58,0.01722376875757993
35834-ASS,Two Year,32,20.2,1921.97,0.017207485533899353
65431-AND,Two Year,2,24.15,4511.01,0.01720676599982526
51731-MAH,Two Year,10,26.0,1814.16,0.017034339352090234
14048-TEL,Two Year,9,19.7,4838.68,0.017015351864431576
61781-UTT,Two Year,35,20.2,1765.97,0.016947968993030374
28333-CHH,Two Year,5,20.5,3076.2,0.016943805267966974
66539-AND,Two Year,29,19.2,4105.5,0.01692890694879188
57149-TAM,One Year,24,19.7,2041.5,0.01692647682938514
43085-UTT,Two Year,33,88.7,8562.71,0.016873874722625484
43009-AND,One Year,33,20.05,1683.18,0.01679901623536241
63608-UTT,Two Year,11,19.8,823.45,0.016782460892036083
44815-TEL,Two Year,11,20.4,346.58,0.016756714775251078
18478-PUN,Two Year,15,20.15,2278.4,0.01674892565503634
63820-KAR,Two Year,5,25.0,3109.78,0.01671267323424927
93090-HAR,Two Year,22,25.2,1088.1,0.016711936601560305
24793-GUJ,Two Year,32,19.15,785.04,0.01670091633512949
29809-WES,Two Year,17,24.6,3051.8,0.0166984371231787
15454-TAM,Two Year,3,25.1,2183.39,0.016681439938421593
96152-PUN,One Year,31,20.0,1343.93,0.016647879759214092
28976-HAR,Two Year,8,90.25,7155.69,0.016631228808620918
33065-BIH,One Year,28,20.25,1089.23,0.016624795628304087
72106-HAR,Two Year,13,18.7,1552.66,0.01661432418800274
69775-KER,Two Year,1,19.65,1871.45,0.016562565234055828
66574-MAH,Two Year,22,19.35,3899.77,0.0165592654190412
86403-MAH,One Year,11,19.8,2264.0,0.016504896054651694
34072-WES,Two Year,7,24.95,3549.85,0.016467103769296543
12929-RAJ,Two Year,10,25.6,2536.74,0.01646494598970227
34262-TEL,Two Year,23,19.95,1937.01,0.01645085539442412
27247-PUN,Two Year,28,19.15,1655.59,0.016428560949461657
62880-HAR,Two Year,33,19.65,1017.07,0.016393462478354152
31566-UTT,One Year,28,20.35,1231.86,0.016376757379664608
74063-TAM,One Year,12,24.6,1629.09,0.01636246300092174
85274-GUJ,Two Year,10,19.7,961.6,0.016305254539538225
72267-BIH,One Year,29,19.6,1665.75,0.016282167744489612
69782-KAR,Two Year,3,19.9,3672.62,0.016279350797049067
45085-HAR,One Year,19,18.25,1665.62,0.016275374132426714
18886-RAJ,One Year,9,20.6,2463.36,0.01623742202123376
95867-WES,Two Year,31,21.15,3039.53,0.01602658753428132
43510-WES,One Year,27,20.7,1273.8,0.01601022439886381
43844-HAR,Two Year,9,0.0,4727.76,0.015991502891770284
31635-TEL,One Year,21,25.7,1785.02,0.015980762127015862
65962-BIH,One Year,21,25.6,1790.61,0.015807840733587347
58762-GUJ,Two Year,6,20.65,2131.57,0.01577851093345225
73111-MAH,One Year,13,20.55,1149.22,0.01576218513959835
47754-TAM,One Year,7,20.2,2151.47,0.015738149863018223
75833-MAD,Two Year,6,67.2,4671.7,0.015731915266783334
89147-ODI,Two Year,6,26.45,3514.34,0.015728266010166674
29065-UTT,Two Year,4,80.6,6579.37,0.01555631131396748
73617-MAD,Two Year,19,20.75,1233.9,0.015546998082327165
15480-KAR,Two Year,3,24.8,2845.88,0.015514059406599659
81567-GUJ,One Year,20,20.1,1574.84,0.01542785795182033
44639-UTT,Two Year,25,25.25,1126.96,0.0153285702323514
91711-PUN,Two Year,13,19.35,4482.85,0.015285268894539945
61061-TAM,One Year,21,24.05,3388.51,0.01526823543292438
26662-KAR,Two Year,31,19.3,1644.88,0.015267682883934874
18064-KER,Two Year,2,20.3,901.31,0.015167781923847354
53199-BIH,Two Year,30,20.1,2496.95,0.015159325538174352
33430-HAR,Two Year,27,20.15,1139.25,0.01504865191662687
22270-KER,One Year,28,19.3,1995.44,0.015028841683138514
61217-UTT,Two Year,20,25.75,1931.51,0.01501791846248599
99310-GUJ,Two Year,1,20.15,1210.23,0.014993095837331124
59370-WES,Two Year,30,19.7,1380.86,0.014971495480412428
26308-ODI,Two Year,24,19.35,2511.75,0.014968224027665305
69354-AND,Two Year,21,20.05,1579.34,0.014874386413119011
28003-TAM,One Year,27,19.3,1271.59,0.014738353180836494
72409-MAH,Two Year,10,20.55,1993.28,0.014684374129361058
36501-TAM,Two Year,19,25.5,3025.45,0.014676294501241272
12695-BIH,One Year,20,19.15,1046.21,0.01466924372028811
38817-AND,Two Year,4,19.55,1917.81,0.014630917303015778
52607-UTT,Two Year,10,21.05,858.45,0.014615892319438233
73629-DEL,Two Year,16,90.05,7178.3,0.014600912178482134
14458-MAH,Two Year,1,20.0,965.43,0.01457639258980763
43182-AND,One Year,27,24.8,4582.5,0.014575116027273207
96622-MAH,Two Year,5,19.7,2229.57,0.014427082269207823
68132-KAR,Two Year,19,19.55,1452.23,0.014358978104252436
15588-BIH,Two Year,7,19.7,3435.74,0.014331312661157366
31623-GUJ,One Year,24,20.25,1246.76,0.014317729739476058
18601-KAR,Two Year,4,19.4,1654.95,0.014303796120833387
95315-RAJ,Two Year,10,24.9,1067.72,0.014296738466829202
24099-KER,One Year,9,20.15,2057.44,0.014238931658022798
53780-PUN,Two Year,8,19.8,3053.39,0.01420351115653619
67766-AND,Two Year,11,24.55,2054.52,0.014198705054664824
48094-MAH,Two Year,34,19.15,3073.35,0.014051850270465585
94554-RAJ,Two Year,17,25.75,3920.37,0.014049847217172722
57496-TEL,Two Year,6,24.95,3096.26,0.01400879889434567
91393-KER,Two Year,11,20.05,2869.28,0.013953345005792107
57004-TAM,One Year,9,19.9,977.2,0.013907986993225641
33839-GUJ,Two Year,1,19.6,1727.35,0.01387556388752917
57292-AND,Two Year,19,20.45,1413.29,0.01383728655791297
51522-BIH,One Year,36,19.95,3863.47,0.013751775808861822
77670-UTT,Two Year,13,20.9,3462.68,0.013750475217312465
16245-KAR,Two Year,1,24.95,4831.63,0.01368463591094647
47813-TEL,Two Year,10,25.25,749.78,0.013669413102146154
36634-AND,Two Year,28,25.15,3220.9,0.013643785147436116
83137-RAJ,Two Year,26,24.15,3482.36,0.013588393049500084
85351-BIH,Two Year,28,18.8,879.25,0.013580692880042872
62410-ODI,Two Year,26,25.15,2572.95,0.013574834470745291
93449-UTT,Two Year,21,19.9,1459.9,0.01355025305285218
76852-PUN,One Year,28,24.9,2826.22,0.013510109638446077
33717-AND,Two Year,22,20.4,496.94,0.013475570222235056
96716-UTT,One Year,10,19.8,1936.34,0.013420164025157813
77693-KAR,Two Year,33,25.25,3280.64,0.013413176423008271
11770-PUN,Two Year,4,20.15,1918.35,0.013404304040790294
61271-KAR,Two Year,17,24.8,2682.52,0.013393790648463766
49183-UTT,Two Year,12,24.65,3396.46,0.013390642041905992
13715-UTT,Two Year,14,25.35,2447.35,0.013386867967091234
88853-HAR,Two Year,12,20.9,888.93,0.01337319334669431
63513-TEL,Two Year,30,25.45,2108.0,0.013369936295066541
47305-MAD,Two Year,29,26.1,1676.33,0.013353001039440988
65807-AND,Two Year,16,25.3,998.61,0.013339396648370437
71900-RAJ,Two Year,11,20.2,3975.33,0.013314238788630882
11925-MAH,One Year,12,25.2,2877.8,0.013260654643774678
25192-PUN,One Year,11,24.25,2633.63,0.013233931331365826
25145-KAR,Two Year,24,25.25,5405.92,0.013197430187520768
46937-BIH,Two Year,7,25.4,3682.07,0.013102531471303882
55901-WES,Two Year,5,23.95,3937.32,0.013099894267471664
34927-MAH,Two Year,10,24.75,3886.48,0.013075998259872868
21725-KER,One Year,10,20.1,1464.4,0.01305351018192244
27760-GUJ,Two Year,6,19.8,4769.55,0.013007384121902362
78806-PUN,Two Year,26,20.05,861.28,0.01291482398522671
72512-DEL,Two Year,2,19.85,2521.99,0.01285824226593975
69259-UTT,Two Year,12,19.75,2901.28,0.012837663223716756
35653-AND,Two Year,14,25.95,3556.31,0.012833513390448035
47576-AND,Two Year,33,20.55,2144.05,0.012813359095838509
22543-UTT,Two Year,9,19.65,3546.87,0.012739809912680975
77189-WES,Two Year,22,24.25,1198.78,0.012714153157981611
52598-UTT,Two Year,34,25.75,973.53,0.01270840711018474
64209-KAR,Two Year,24,24.25,5161.94,0.012697074654493252
73842-GUJ,Two Year,10,20.05,2921.26,0.012696244839856832
23332-RAJ,Two Year,26,19.75,927.07,0.012685996290775416
45281-ASS,One Year,28,19.8,1416.18,0.012684291424607265
89876-MAH,Two Year,22,25.1,2284.19,0.01266289282671496
48517-RAJ,Two Year,11,20.2,3597.11,0.01248868885556322
39968-PUN,One Year,15,20.3,1179.87,0.012424120465585138
78693-BIH,Two Year,10,19.4,2423.09,0.01235410063249977
87839-BIH,One Year,15,20.7,2461.87,0.012333958634103236
96976-BIH,One Year,28,19.65,1348.95,0.012331503086824187
74164-BIH,Two Year,13,19.2,2613.51,0.0123261275940077
94584-KAR,Two Year,28,19.8,4211.13,0.012267230000950171
41111-MAH,Two Year,8,25.1,2387.67,0.012253737571991273
33745-AND,Two Year,19,19.3,950.9,0.01220472352372075
97298-KAR,Two Year,7,19.85,2132.19,0.012194921778321273
76341-BIH,Two Year,16,19.85,4158.76,0.012154949103042356
84284-BIH,Two Year,28,19.95,2328.72,0.012141151088727513
14579-KAR,Two Year,28,25.1,3052.95,0.01213760177888125
58830-BIH,Two Year,30,20.3,1445.57,0.012056002638440517
72796-HAR,Two Year,2,25.0,3860.9,0.01195919687695625
47862-HAR,One Year,13,24.45,3275.73,0.011934200522597731
93542-TEL,Two Year,16,19.8,2217.35,0.011929292942511665
35453-BIH,One Year,29,20.1,1516.6,0.011881574981718882
86928-HAR,One Year,30,20.1,1393.1,0.011877153690680372
18782-KAR,Two Year,23,19.45,2935.41,0.011855836980738478
64604-BIH,One Year,19,20.05,2006.0,0.011845582324276538
12762-TAM,Two Year,18,19.7,1605.25,0.011816782573829713
79288-AND,One Year,14,19.1,1965.58,0.01176513418721189
83549-GUJ,Two Year,32,0.0,3356.57,0.01175082683363722
38662-PUN,Two Year,33,26.3,2240.09,0.011744830855061996
22506-KAR,Two Year,6,19.95,1894.77,0.011744014298283858
94270-MAD,Two Year,35,19.5,2747.26,0.011736414938393912
61426-WES,Two Year,8,24.3,1481.7,0.011658785710509711
24618-KAR,One Year,24,20.4,3147.34,0.011640569194831217
95760-PUN,Two Year,24,20.25,2757.0,0.011638957058280124
18072-AND,Two Year,26,19.05,978.95,0.011592851419646147
47239-MAH,Two Year,33,20.5,4663.77,0.011549220383722398
16633-UTT,Two Year,3,22.95,1600.15,0.011455126270761834
14486-PUN,Two Year,17,25.4,4179.78,0.011412628310766402
42335-UTT,Two Year,14,24.45,3925.67,0.011403617066674891
39380-PUN,One Year,25,26.0,1554.27,0.011402936062446406
34788-TEL,Two Year,15,20.5,1238.88,0.011368791225766374
51835-TAM,Two Year,36,23.8,2056.64,0.011205565359901061
34828-PUD,Two Year,23,24.45,1651.64,0.011171670808036872
75261-AND,Two Year,5,24.25,4340.87,0.011145526618936656
19232-HAR,Two Year,9,20.45,1253.67,0.011063878552957524
42619-KER,Two Year,26,19.65,2206.01,0.01105242786654983
92753-HAR,Two Year,12,19.7,2356.16,0.011016158997869929
14407-MAH,Two Year,26,19.5,2254.1,0.011003682436611109
43660-PUN,Two Year,13,19.85,1843.83,0.010988212624238757
67666-KAR,Two Year,18,20.25,2628.85,0.01091781545874545
44887-KER,Two Year,19,19.6,1496.02,0.010876118167111601
98168-AND,Two Year,30,19.3,2671.96,0.010873390961695565
82392-UTT,Two Year,25,20.0,2108.64,0.010832587468669719
14860-WES,One Year,29,24.8,2498.01,0.010829135400350076
37014-BIH,Two Year,5,24.2,3570.44,0.010826974224222997
61771-MAD,Two Year,27,19.85,1764.38,0.010789822405072395
92444-PUN,Two Year,15,19.4,1651.36,0.010744276318545095
38785-TAM,Two Year,35,20.65,1909.75,0.010730030897251245
91985-MAH,Two Year,4,20.9,2551.81,0.010721343211252793
73865-RAJ,One Year,29,20.3,2422.86,0.010695528733981247
63548-GUJ,Two Year,16,25.15,3054.42,0.010678874553362687
18247-GUJ,Two Year,32,24.0,2662.41,0.01065948824782232
28132-HAR,Two Year,27,19.65,2480.55,0.010639612353532092
56132-PUN,Two Year,26,24.85,3476.49,0.010539618717066773
12590-UTT,Two Year,7,25.8,3075.66,0.01052605954990038
47826-TAM,Two Year,35,24.55,1908.01,0.010509611885958616
63434-BIH,One Year,22,20.4,1343.44,0.010487467948609103
94635-ODI,Two Year,28,20.1,2481.09,0.010429841548229998
31495-UTT,Two Year,22,19.8,2015.86,0.010363084252339705
88094-PUN,Two Year,18,25.25,4100.93,0.010349271976867384
49064-TAM,Two Year,29,19.7,724.35,0.010308946840525201
43027-HAR,Two Year,19,19.6,1209.57,0.01019447497397999
21541-MAH,One Year,21,20.0,2331.55,0.010167938210513957
95773-BIH,Two Year,36,24.05,5186.03,0.010136413249935796
77732-PUN,Two Year,31,20.35,2994.56,0.010105517832846933
62729-WES,Two Year,35,19.75,1970.87,0.010100172282013199
74503-WES,Two Year,19,26.0,2596.95,0.010098172384548226
56514-PUD,Two Year,24,19.4,4927.25,0.010092507009019034
21722-AND,Two Year,33,20.05,2622.88,0.010084673786926464
92563-MAD,Two Year,23,25.7,2285.99,0.01007492632465349
42420-UTT,Two Year,20,25.0,5161.71,0.009940478631506178
62027-KER,Two Year,23,20.7,2173.69,0.009920605087887184
19389-TEL,Two Year,9,25.25,2860.5,0.00990072348018166
92237-UTT,Two Year,19,25.0,3869.65,0.009877759122811814
95899-HAR,Two Year,10,19.4,1541.43,0.00986389263182644
41928-AND,Two Year,1,24.65,4789.42,0.00980788514696919
23051-KAR,Two Year,29,20.45,2577.95,0.009788639923674465
85241-TAM,Two Year,19,20.05,2323.44,0.009724626278134899
13373-TAM,Two Year,31,20.8,3208.16,0.009694087274268919
75526-BIH,Two Year,27,20.6,1742.9,0.009692390388477816
95700-MAH,Two Year,7,19.75,3425.48,0.00969219687609384
73737-WES,Two Year,21,25.2,4616.95,0.009685557843275057
95557-AND,One Year,23,24.3,2449.46,0.009647427959692347
91998-KER,Two Year,10,19.45,2180.75,0.009630640301887216
96568-BIH,Two Year,31,20.2,2182.4,0.009561136571041939
23476-DEL,Two Year,30,19.9,2467.15,0.009489609726451305
55556-TAM,Two Year,30,25.5,2472.71,0.009484015240553206
26221-TAM,One Year,24,20.15,1477.22,0.00945234663911663
74664-UTT,Two Year,23,21.3,1227.45,0.009449766356993171
64494-TAM,Two Year,16,19.7,1269.75,0.009446920374834246
29526-MAH,Two Year,32,20.8,4055.41,0.009429429088104702
56376-GUJ,Two Year,23,20.5,2415.9,0.009399128037758353
52568-MAH,Two Year,5,25.75,3510.59,0.009373306516720551
19139-UTT,Two Year,33,19.6,3684.97,0.009355734162889082
51416-RAJ,Two Year,12,24.8,2362.3,0.009308789985849131
73369-GUJ,Two Year,27,20.6,2342.61,0.009271304786121155
45619-KAR,Two Year,11,20.3,2384.27,0.009236660102309018
81969-HAR,Two Year,3,24.45,4116.96,0.009235076653449694
38768-UTT,Two Year,33,20.15,2599.59,0.009225326987643782
31419-UTT,Two Year,15,25.55,4672.78,0.009209476164154632
33651-KAR,Two Year,6,19.55,2575.05,0.009207097535109213
27929-BIH,Two Year,13,20.15,989.88,0.009157171466151949
43633-UTT,Two Year,35,24.75,2156.17,0.009129484958856592
23101-TAM,Two Year,3,19.6,3388.36,0.009120637735582754
64276-MAH,Two Year,25,19.7,4259.44,0.009110743599982396
82645-MAH,Two Year,6,19.25,2332.59,0.009078304227478778
89585-MAH,Two Year,17,20.4,1389.32,0.00905708087873063
27563-RAJ,One Year,23,24.9,2023.5,0.009049925851030984
65519-KAR,Two Year,1,24.25,4445.86,0.009032484584605326
17052-MAD,Two Year,18,19.85,2046.53,0.009025365782245677
74238-KAR,Two Year,15,19.65,2168.01,0.00902188873262949
32855-RAJ,Two Year,18,19.95,2185.3,0.009015522526960027
42661-MAD,Two Year,5,25.0,2669.29,0.008810329302560147
71925-BIH,Two Year,8,20.5,4600.72,0.008794909662191156
55627-TAM,Two Year,35,19.9,2852.09,0.008778789177707537
34391-MAD,Two Year,9,24.7,1069.51,0.008745633573796064
43803-TAM,One Year,14,19.9,1156.48,0.008719303053246053
52527-RAJ,Two Year,26,25.3,4017.47,0.008679211065847268
41724-MAH,Two Year,12,24.75,4313.36,0.008649968300272442
17059-RAJ,Two Year,32,19.25,1983.38,0.008559315140125272
61461-HAR,Two Year,13,24.2,3302.82,0.008499013540645955
11288-MAD,Two Year,24,20.2,3029.77,0.008452229380632384
48845-MAH,Two Year,34,19.6,1416.7,0.008439731952362849
93971-TAM,Two Year,34,20.25,2248.31,0.008405672438162837
78540-UTT,Two Year,18,19.75,1378.44,0.008353544462011479
61289-MAH,Two Year,8,19.8,3660.43,0.008286692415519345
64294-AND,Two Year,25,20.55,2701.54,0.008235917424311578
19220-TAM,Two Year,36,20.05,3071.38,0.008187507304955037
32539-KAR,Two Year,16,20.15,2279.56,0.008171946130027355
72161-AND,Two Year,17,24.45,4024.6,0.008121953523406854
36718-WES,Two Year,12,25.1,2656.38,0.00810685337782455
13304-KER,Two Year,25,24.25,2315.86,0.008096124841117531
78711-MAD,Two Year,25,20.5,2291.18,0.008025691991059614
52391-MAH,Two Year,24,19.55,997.72,0.007954559446681348
88562-TAM,Two Year,33,20.7,1979.1,0.007950816085425437
12752-RAJ,Two Year,17,20.5,4716.78,0.007921200150515431
96470-AND,Two Year,8,19.9,3828.61,0.007878688347077077
58750-MAH,Two Year,15,20.1,2607.89,0.007862259629186507
53939-DEL,Two Year,22,19.9,2936.43,0.007843276310093815
19250-KAR,Two Year,18,20.55,1576.75,0.007795089026611395
74529-AND,Two Year,23,20.25,2162.25,0.007716240263592853
32943-RAJ,One Year,11,24.85,2431.28,0.007666986995823236
58372-KAR,Two Year,10,19.8,3668.97,0.0076117250489715835
58516-UTT,Two Year,30,24.65,3588.29,0.007577056924999717
18619-GUJ,Two Year,9,24.65,2585.92,0.007510768540856699
97039-AND,Two Year,28,20.4,1402.08,0.007484870874610204
84005-MAD,Two Year,26,19.45,1037.83,0.007433196813202983
27129-TAM,Two Year,23,20.4,2154.4,0.007322344218330012
58582-MAD,Two Year,27,19.8,1054.18,0.007309547032739305
84042-ASS,Two Year,23,20.65,1221.59,0.007299743345471819
35038-HAR,Two Year,26,24.45,3217.2,0.007277364597457084
52083-HAR,Two Year,14,20.0,2767.86,0.00719251951736136
46200-MAD,Two Year,13,20.3,2828.0,0.007096319941216733
16708-AND,Two Year,22,19.6,976.6,0.007064983318857096
88369-BIH,Two Year,10,19.85,905.57,0.0069758272938454
17707-PUD,Two Year,24,19.35,4462.13,0.006939394417704647
22203-MAD,Two Year,35,21.25,1911.9,0.006915078612839174
31354-RAJ,Two Year,16,25.2,1787.06,0.00689852813231271
27817-MAD,Two Year,30,26.0,3718.56,0.006873858066676736
24902-MAH,Two Year,17,25.0,2020.64,0.006845913033639928
65602-BIH,Two Year,20,25.4,2435.15,0.00678151111733717
92863-KER,Two Year,17,20.1,1471.26,0.0067778040263632355
95107-KER,Two Year,36,20.1,3592.73,0.006726533763039356
97144-KAR,Two Year,29,19.9,2256.97,0.006707828273612246
95759-ASS,Two Year,27,20.15,2128.93,0.006673953185082074
13455-BIH,Two Year,25,20.85,1154.54,0.00661891739468645
44116-HAR,Two Year,36,23.55,1742.63,0.006614089075011315
97298-PUN,Two Year,17,24.95,2081.6,0.006551089369004614
76411-PUN,Two Year,21,24.8,3326.26,0.006537425984506898
46966-UTT,Two Year,30,25.85,4460.63,0.006446795462005002
47775-ASS,Two Year,13,20.1,1622.71,0.006439471446303187
94930-BIH,Two Year,18,19.8,3839.26,0.006397359061126906
26425-MAH,Two Year,8,24.1,3148.73,0.006371717484889591
88980-HAR,Two Year,14,23.3,1025.3,0.006345182472447182
35422-CHH,Two Year,24,20.25,1445.75,0.006289946237849659
46734-RAJ,Two Year,9,19.95,3789.24,0.006270906222840492
42923-MAD,Two Year,36,20.45,3461.58,0.006266441864882143
58671-UTT,Two Year,22,19.85,3442.6,0.00625200154288941
29241-KER,One Year,31,24.5,3602.78,0.006251145989199549
33927-MAH,Two Year,6,20.05,4760.15,0.006236254273156545
45666-HAR,Two Year,15,24.7,3809.0,0.0062340197718449035
65829-HAR,Two Year,33,20.75,3326.41,0.006185369034950442
39045-TEL,Two Year,23,25.45,2352.45,0.0061735289898652256
88749-KAR,Two Year,23,25.0,3453.4,0.006159998647399495
58270-WES,Two Year,32,19.55,2711.21,0.006080084156362405
42637-TAM,Two Year,17,19.95,3066.55,0.0060600008385473985
63751-BIH,Two Year,11,23.75,3201.33,0.006036494399823374
63458-GUJ,Two Year,36,25.5,2325.22,0.005920335939395916
93415-TEL,Two Year,13,26.0,1846.6,0.0059038208021983335
45079-RAJ,Two Year,26,25.6,2571.48,0.0059023970101611195
46804-BIH,Two Year,25,23.9,2974.69,0.00589781868642164
82652-GUJ,Two Year,10,20.55,4104.47,0.005881352891978056
22383-TAM,Two Year,28,20.2,4344.46,0.0058683071916391626
93749-MAH,Two Year,35,19.95,2063.92,0.005861933977860861
94336-TAM,Two Year,15,20.15,3290.7,0.005844795123918628
66332-DEL,Two Year,32,26.1,847.7,0.005726033844035835
76088-WES,Two Year,31,23.05,2254.02,0.0057145372010798685
31856-TAM,Two Year,36,24.9,2848.06,0.005688196662445551
22836-AND,Two Year,18,19.95,3773.14,0.005659532552382568
43459-KAR,Two Year,26,20.6,3917.2,0.0056366506490541516
61399-TAM,Two Year,17,24.95,3426.42,0.005634932422966833
55609-BIH,Two Year,29,20.0,4163.95,0.0055810626253862535
59940-MAH,Two Year,13,25.65,3624.32,0.005580590497025879
16271-MAH,Two Year,16,21.1,985.05,0.005505659767487289
37729-KAR,Two Year,32,25.1,4422.49,0.005481404127969091
67669-GUJ,Two Year,25,20.4,2939.35,0.005450716838002844
86093-HAR,Two Year,31,20.45,1710.22,0.0054459540648823445
95462-AND,Two Year,25,26.25,2173.09,0.005390146757555902
66461-GUJ,Two Year,34,25.1,1960.54,0.005389840077391728
31250-BIH,Two Year,16,20.35,1605.39,0.0053870996735547625
56455-HAR,Two Year,11,20.3,1253.95,0.005351917149654648
48308-TAM,Two Year,3,19.85,3618.46,0.005349994017512809
45778-KAR,Two Year,12,26.45,2352.75,0.005347425201414677
52090-GUJ,Two Year,28,19.85,1756.55,0.005345222367286394
89946-AND,Two Year,34,24.75,5292.78,0.005316316780885102
18329-HAR,Two Year,18,0.0,2269.39,0.005288241229951905
43186-BIH,Two Year,12,20.25,4616.82,0.005245559916680301
17909-PUD,Two Year,33,20.05,4824.93,0.005162776935756141
89590-MAD,Two Year,23,20.2,1557.56,0.005153884868543025
24511-GUJ,Two Year,25,20.05,2563.42,0.005103077598617815
73913-HAR,Two Year,7,25.55,4875.91,0.005064766930458908
54934-TAM,Two Year,30,24.15,4068.57,0.005050881551261045
71275-MAH,Two Year,23,25.7,2547.96,0.005037510834575978
55839-AND,Two Year,25,24.35,3663.81,0.00497052148227312
32018-KER,Two Year,32,25.1,4940.28,0.004955363502193015
69406-AND,Two Year,26,24.45,3189.42,0.004922339341092297
81435-KAR,Two Year,29,25.7,2115.2,0.004887110561821891
23921-KER,Two Year,18,23.65,1969.17,0.004839903447218035
28367-TAM,Two Year,23,20.05,1081.84,0.004825720247931405
89356-UTT,Two Year,13,23.85,3176.59,0.004825445553040868
35003-GUJ,Two Year,19,19.95,1524.37,0.0047938751896465705
51777-PUN,Two Year,16,23.95,3247.66,0.0047879336056969755
75794-GUJ,Two Year,15,26.0,2997.45,0.004670773795084175
34128-GUJ,Two Year,32,20.9,1500.31,0.004600609794974479
99076-KER,Two Year,32,20.75,2812.63,0.004555697290306102
35452-KER,Two Year,24,25.25,2520.66,0.00448041113391896
91446-MAH,Two Year,34,24.45,4001.41,0.004453571851700733
65958-MAH,Two Year,26,21.0,2578.8,0.004416495449838131
81676-KAR,Two Year,25,20.8,2002.84,0.004401560974856957
92854-UTT,Two Year,21,24.9,3170.32,0.004263276571091408
55880-KER,Two Year,4,25.6,2682.03,0.004258841141057262
66301-GUJ,Two Year,30,20.6,1431.73,0.0041742555147250065
93692-PUD,Two Year,36,25.75,4747.08,0.004165859669590559
99884-WES,Two Year,20,19.35,1544.94,0.004021495634611714
81089-MAH,Two Year,11,20.75,1627.29,0.0038857651046850933
96822-PUN,Two Year,21,24.4,3922.41,0.003609144668989162
48026-TAM,Two Year,20,24.75,4118.13,0.0036063119169603163
54460-HAR,Two Year,17,25.1,1436.23,0.003597882784750013
98483-RAJ,One Year,18,25.05,2833.2,0.0035909359178050086
32673-RAJ,Two Year,25,25.0,2952.4,0.0035774011115350885
74667-TAM,Two Year,31,19.9,3492.79,0.003487834255714841
81058-GUJ,Two Year,23,25.65,2792.76,0.003393450991953093
39833-TAM,Two Year,18,25.6,3092.93,0.0033840188210488005
87859-AND,Two Year,24,23.4,4463.31,0.0033336728169046734
23211-RAJ,Two Year,19,24.55,2397.26,0.0032746327837580905
17154-MAH,Two Year,11,24.7,3194.34,0.0031555921167181204
65939-TAM,Two Year,24,24.8,3770.85,0.0031298563828646587
92279-GUJ,Two Year,35,19.85,2686.71,0.003112345425120681
19854-RAJ,Two Year,18,24.25,3721.95,0.003109881269477959
91765-GUJ,Two Year,27,24.3,3113.49,0.003017630778327724
88485-HAR,Two Year,35,25.05,5057.34,0.0028808860122844196
91608-HAR,Two Year,31,24.95,1751.44,0.002695629992383376
34588-RAJ,Two Year,19,24.3,2403.66,0.002629762338186966
24118-MAH,Two Year,15,24.95,2376.45,0.002601690181988434
